package_name,ecosystem,downloads_count,age_days,maintainer_changes,dependency_count,new_dependencies,code_lines_added,code_lines_removed,code_change_ratio,has_install_scripts,has_postinstall_hook,network_calls_count,external_urls_count,suspicious_urls,file_system_read_ops,file_system_write_ops,env_var_access,crypto_operations,obfuscation_score,minified_code,eval_usage,exec_usage,base64_encoding,shell_command_exec,remote_code_download,data_exfiltration_patterns,keylogger_patterns,backdoor_patterns,typosquatting_score,name_similarity_popular,author_email_disposable,author_new_account,has_readme,has_license,has_tests,version_jump_suspicious,release_time_anomaly,is_malicious
workvivo-components,npm,118,2,1,5,1,486,31,0.76,1,1,21,15,8,22,30,1,0,0.79,1,6,0,8,1,1,1,1,0,0.71,0.35,1,0,0,0,0,1,0,1
yargs,npm,2112609,2985,1,14,2,59,74,0.21,0,0,0,2,0,9,0,0,0,0.07,0,0,1,0,0,0,0,0,0,0.03,0.08,0,0,1,1,0,0,0,0
pkg-4184-helper,pypi,5332,78,0,5,3,328,65,0.51,1,0,7,1,2,4,17,1,1,0.34,1,0,1,3,0,1,1,0,0,0.23,0.37,1,0,0,0,1,1,1,1
dev-api-client,npm,235,25,0,5,1,361,40,0.68,1,1,16,6,11,51,14,0,1,0.75,1,7,5,8,1,1,0,1,1,0.7,0.82,0,0,0,0,1,1,1,1
pkg-8163-util,pypi,4563,145,1,7,0,416,14,0.4,0,0,2,4,3,21,7,0,1,0.41,1,3,2,1,1,0,0,0,1,0.3,0.26,1,0,1,1,0,1,0,0
pkg-4573-lib,npm,4856,20,0,3,0,251,18,0.32,1,0,3,5,0,13,11,1,1,0.36,1,3,2,1,0,0,0,0,0,0.17,0.33,0,1,1,1,1,0,1,0
redis,pypi,2995160,2148,2,22,1,129,65,0.08,0,0,0,1,0,7,3,0,0,0.01,0,0,0,2,0,0,0,0,0,0.12,0.06,0,0,1,1,1,0,0,0
dummy-loosesight-gc,npm,201,22,1,3,5,653,63,0.78,1,1,19,17,8,18,27,1,0,0.83,1,2,0,18,0,0,1,0,0,0.48,0.81,0,0,0,0,0,1,1,1
cargo-hub-ui-api-internal,npm,690,4,1,1,5,244,51,0.53,1,1,13,12,2,43,34,0,1,0.56,1,3,7,13,1,1,0,0,0,0.16,0.5,0,1,0,0,0,1,1,1
pip,pypi,3666488,477,1,16,1,243,64,0.2,0,1,1,0,0,4,0,0,0,0.13,0,0,1,1,0,0,0,0,0,0.02,0.11,0,0,0,1,0,0,1,0
viktorparserctf8,npm,251,31,0,3,4,548,49,0.75,1,1,24,2,2,35,19,1,1,0.72,0,8,3,5,1,0,1,0,1,0.64,0.72,1,1,1,0,1,1,1,1
hardhat-deploy-others,npm,798,6,1,4,5,497,48,0.58,1,1,12,17,3,12,15,1,1,0.67,1,1,5,10,0,1,1,1,1,0.64,0.53,0,1,0,1,0,1,1,1
pkg-9225-helper,pypi,2400,119,0,6,0,397,71,0.37,1,1,3,0,2,21,11,1,0,0.37,0,1,1,3,0,0,0,0,1,0.38,0.42,1,0,1,0,0,1,1,0
pkg-1151-lib,npm,3717,95,1,10,2,354,52,0.4,0,0,5,4,1,21,12,1,1,0.29,1,1,0,4,1,0,0,0,0,0.16,0.26,0,1,0,0,0,1,1,1
pytest,pypi,3730245,3227,0,7,0,86,82,0.2,0,1,1,1,0,12,0,0,1,0.06,0,1,0,2,0,0,0,0,0,0.1,0.1,0,0,0,1,1,0,0,0
pkg-8698-util,npm,429,130,0,4,0,107,70,0.5,1,1,6,1,3,19,8,1,0,0.24,1,0,2,0,0,1,0,0,0,0.32,0.36,1,1,1,0,0,0,0,1
pkg-1989-core,npm,5671,134,0,3,2,341,51,0.44,0,1,6,3,2,17,12,1,1,0.39,1,1,0,4,0,0,1,0,0,0.24,0.41,1,1,1,1,1,0,0,1
fulfillment-portal-common,npm,68,9,1,4,5,815,48,1.0,1,1,20,15,2,52,12,1,1,0.69,1,6,5,16,1,1,1,0,1,0.49,0.68,1,1,1,0,0,0,0,1
evocateur_libpnpmpublisher,npm,168,13,1,0,4,180,34,0.98,1,1,10,4,3,36,44,1,1,0.62,1,3,6,14,0,1,1,1,1,0.4,0.64,1,0,0,1,1,0,0,1
pkg-8299-core,npm,1664,48,0,8,0,420,31,0.27,1,0,5,2,3,3,8,1,0,0.3,1,0,0,1,1,0,0,0,1,0.24,0.21,1,0,1,1,1,0,0,0
tox,pypi,3753145,2571,0,5,0,239,4,0.11,0,0,0,1,0,0,2,1,0,0.02,0,1,0,0,0,0,0,0,0,0.05,0.09,0,0,1,0,1,0,0,0
oauthlib,pypi,4043903,2856,0,23,0,116,107,0.16,1,0,0,1,0,12,3,0,1,0.08,0,0,0,2,0,0,0,0,0,0.12,0.07,0,0,0,1,1,0,0,0
batchedbridge,npm,104,31,1,1,4,300,4,0.65,1,1,7,4,6,18,29,1,1,0.49,0,5,7,2,1,1,0,1,0,0.19,0.44,0,1,0,0,0,0,0,1
pydantic,pypi,1485322,973,1,18,2,51,82,0.08,0,0,0,1,0,10,4,0,0,0.03,0,0,0,2,0,0,0,0,0,0.01,0.08,0,0,0,1,0,0,0,0
pkg-1315-lib,pypi,342,126,0,2,1,341,9,0.27,1,0,6,5,0,20,12,0,1,0.2,0,2,1,4,1,1,0,0,0,0.36,0.19,0,1,1,1,0,1,1,1
esqcraftremc,pypi,184,30,1,3,1,662,41,0.85,1,0,6,5,12,36,45,1,0,0.73,1,8,2,14,1,1,0,0,1,0.6,0.67,0,1,0,0,0,1,1,1
pkg-7960-lib,pypi,4952,71,1,7,0,234,65,0.42,0,1,1,2,2,17,8,1,1,0.2,0,0,0,4,0,0,0,0,0,0.17,0.24,0,0,1,0,0,0,0,1
exact-ticker,npm,1206,322,0,3,5,262,39,0.83,1,0,4,6,12,8,15,1,1,0.73,1,2,5,6,1,1,1,0,0,0.42,0.51,1,0,0,0,1,1,1,1
jquery.slideviewer,npm,666,20,1,6,3,341,46,0.63,1,1,5,14,11,27,19,1,1,0.5,0,0,3,17,0,0,1,0,1,0.69,0.21,1,1,0,1,0,1,0,1
pkg-3957-core,npm,225,112,1,7,2,41,18,0.37,0,0,3,2,2,18,13,0,1,0.4,0,3,2,4,1,1,0,0,0,0.22,0.24,0,1,1,1,0,1,0,0
pyyaml,pypi,371071,471,0,24,0,198,12,0.2,1,0,2,0,0,2,5,0,0,0.02,0,1,0,0,0,0,0,0,0,0.1,0.12,0,1,1,0,1,0,0,0
pkg-3210-lib,pypi,1374,48,0,7,2,404,15,0.32,1,0,7,1,2,10,7,1,0,0.3,0,0,2,1,1,1,0,0,0,0.22,0.2,1,0,1,0,0,0,0,0
reportgenpub,pypi,407,32,1,5,3,226,1,0.65,0,1,13,16,11,42,38,1,0,0.9,1,4,3,5,1,0,1,1,1,0.36,0.33,1,1,0,0,0,1,1,1
biconomy-dev,npm,453,27,1,1,5,383,44,0.71,1,1,20,11,1,22,30,0,0,0.56,1,2,4,11,1,0,0,1,1,0.49,0.29,1,1,0,0,1,1,0,1
pkg-7984-core,pypi,3238,41,1,2,3,93,46,0.4,1,1,8,2,0,18,2,0,0,0.23,0,2,2,0,0,0,0,0,0,0.17,0.44,0,1,0,1,0,0,0,1
@ai-document-translation/ui-core,npm,622,28,1,4,2,788,51,1.0,1,1,20,16,2,23,19,0,1,0.46,1,3,0,4,1,1,0,0,0,0.87,0.82,0,1,0,1,0,1,0,1
httpxc,pypi,772,25,2,4,5,601,62,0.61,1,1,4,14,6,50,30,1,1,0.94,0,6,0,4,1,1,0,1,0,0.19,0.47,0,1,0,0,1,1,1,1
pkg-2586-util,pypi,245,124,0,6,3,147,16,0.32,0,0,2,2,1,3,16,1,0,0.36,0,3,0,3,1,0,0,0,1,0.3,0.42,1,0,1,1,1,1,0,1
fulfillment-common,npm,216,25,0,2,3,681,23,0.77,1,1,19,12,6,19,36,1,0,0.67,1,5,6,10,1,0,1,0,1,0.7,0.79,1,1,0,1,1,0,0,1
url-project,npm,353,20,1,0,4,1180,75,0.65,0,0,13,11,8,54,38,1,1,0.92,1,5,7,13,0,0,1,0,0,0.33,0.91,0,0,0,0,0,1,1,1
pkg-8115-util,pypi,4718,73,0,2,3,392,38,0.41,0,1,8,4,1,11,8,1,1,0.3,1,2,2,3,1,0,0,0,0,0.44,0.41,1,1,1,1,0,1,0,0
redis,npm,3170591,3138,2,15,2,169,100,0.15,0,0,0,1,0,1,2,0,0,0.02,1,0,0,1,0,0,0,0,0,0.02,0.05,0,0,0,1,1,0,0,0
pkg-8126-core,pypi,2145,84,1,7,3,387,56,0.31,0,0,7,3,2,20,13,0,0,0.3,1,1,2,1,0,1,0,0,0,0.21,0.37,1,1,1,0,1,0,0,1
pkg-8040-helper,pypi,1726,94,1,4,3,342,57,0.52,1,1,4,4,0,15,9,1,0,0.47,1,1,2,2,0,0,1,0,1,0.14,0.33,0,0,0,0,0,0,1,0
pkg-4893-core,pypi,2977,136,1,4,3,314,51,0.28,1,0,7,2,1,13,1,1,1,0.17,1,3,2,4,0,1,0,0,1,0.22,0.43,1,1,1,1,1,1,1,1
faiss-gp,pypi,73,44,1,2,5,555,54,0.56,1,1,12,6,2,11,15,1,1,0.85,1,7,1,16,1,1,1,1,1,0.55,0.56,0,0,1,0,0,0,0,1
pkg-2389-helper,npm,749,59,1,3,3,157,94,0.48,1,1,8,1,1,16,14,0,1,0.22,1,1,2,0,0,1,0,0,0,0.37,0.26,0,0,0,0,0,0,1,0
dotenv,npm,2892138,1000,0,23,0,206,8,0.1,0,0,2,1,0,9,4,0,1,0.08,0,0,0,0,0,0,0,0,0,0.03,0.0,0,0,1,1,1,0,0,0
pkg-6534-lib,pypi,1240,72,0,5,1,331,29,0.53,1,1,7,2,2,8,13,0,1,0.16,1,2,2,3,0,0,0,0,0,0.29,0.15,1,1,0,1,0,0,1,1
eslint-config-pexip-engage,npm,754,21,1,3,3,628,9,0.97,1,0,8,5,3,36,34,1,1,0.51,1,3,7,11,1,1,0,0,0,0.8,0.42,1,0,0,0,0,0,1,1
hiro-docs,npm,245,20,2,6,2,903,73,0.99,1,1,16,18,9,34,15,1,1,0.52,1,0,7,13,1,0,1,0,1,0.22,0.32,1,1,1,0,0,1,1,1
@smt-front/inner-landing,npm,590,6,0,5,4,1017,46,0.67,1,1,23,2,5,18,27,1,1,0.53,0,3,3,13,0,1,0,0,1,0.19,0.88,0,1,0,0,0,1,1,1
@sev-ui-verse/feature-flag,npm,76,4,1,6,3,294,73,0.91,1,1,16,16,11,33,32,1,0,0.66,0,8,0,4,1,1,0,0,1,0.89,0.28,1,1,0,0,1,1,1,1
react-dom-16,npm,532,35,2,5,1,943,66,0.88,0,1,13,16,7,27,23,1,0,0.67,0,8,2,16,1,1,0,0,0,0.77,0.88,1,1,1,1,0,1,0,1
debugger-local,npm,71,27,2,1,3,645,32,0.83,1,1,6,16,10,38,42,1,1,0.72,1,8,0,13,1,1,1,0,0,0.77,0.67,1,1,0,1,0,1,0,1
puppeteer,npm,570086,2496,2,9,0,90,30,0.14,0,1,3,0,0,12,5,0,1,0.06,0,1,0,0,0,0,0,0,0,0.01,0.05,0,0,0,0,1,0,0,0
baidu-tester,npm,398,23,1,1,2,801,45,0.96,0,1,22,6,10,20,36,1,0,0.71,0,0,3,9,0,1,1,0,1,0.88,0.35,0,1,0,0,0,0,0,1
requests,pypi,3464369,1179,0,22,2,14,76,0.06,0,1,0,1,0,5,3,0,0,0.03,1,0,1,0,1,0,0,0,0,0.06,0.07,0,0,1,1,1,0,0,0
@sporta-technology/d11-web-components.toggle,npm,43,7,1,6,4,708,42,0.64,0,1,24,14,8,51,20,1,1,0.63,1,5,0,2,0,0,1,0,1,0.23,0.52,0,1,0,0,0,0,1,1
pkg-2155-helper,pypi,1300,122,0,4,1,267,23,0.44,1,0,2,4,2,18,4,1,0,0.36,1,0,2,5,1,0,0,0,1,0.22,0.2,0,1,1,0,1,1,0,1
pkg-2001-core,npm,696,109,0,7,0,138,40,0.3,1,1,6,4,3,10,18,0,0,0.33,0,1,1,1,1,0,0,0,1,0.31,0.37,1,1,1,0,0,0,0,0
@sporta-technology/d11-web-components.icon,npm,546,18,1,2,3,742,73,0.63,0,1,17,3,5,49,13,1,0,0.53,1,3,6,17,0,1,1,0,1,0.48,0.53,1,0,1,0,0,1,1,1
cerberus,pypi,139185,2401,2,21,0,189,95,0.18,0,1,2,0,0,7,1,0,1,0.04,0,0,0,0,0,0,0,0,0,0.04,0.14,0,0,1,1,0,0,0,0
dayjs,npm,3551062,611,0,25,0,134,8,0.1,1,1,3,1,0,7,5,0,0,0.12,0,0,0,0,0,0,0,0,0,0.02,0.05,0,1,1,1,1,0,0,0
chai,npm,4915645,2038,1,19,2,194,29,0.14,0,0,0,2,0,12,0,0,0,0.13,0,1,0,0,0,0,0,0,0,0.04,0.04,0,0,1,1,1,0,0,0
pkg-8862-util,npm,1213,86,0,6,2,252,25,0.52,0,0,6,0,2,11,18,0,0,0.47,0,0,0,0,1,0,0,0,0,0.22,0.28,1,0,1,1,0,1,0,0
connector123,npm,86,19,2,2,2,161,0,0.79,0,0,16,8,12,28,31,1,0,0.53,1,4,6,13,1,1,1,1,0,0.48,0.76,1,1,0,1,0,1,1,1
pkg-1158-util,pypi,5208,38,0,9,2,442,90,0.24,0,0,3,1,0,7,3,0,0,0.28,0,1,0,5,0,1,0,0,1,0.29,0.27,0,1,0,1,1,0,1,0
pkg-9496-helper,npm,3140,48,0,2,3,144,44,0.34,1,1,6,0,0,12,1,1,0,0.38,0,3,0,4,1,0,0,0,0,0.11,0.41,0,1,0,0,1,1,1,0
telegram-bot-start,npm,59,39,2,5,3,436,3,0.83,1,1,17,14,7,55,7,1,1,0.84,1,8,7,13,1,1,0,0,1,0.23,0.29,1,1,0,0,0,1,0,1
pkg-3379-util,pypi,5326,32,0,4,0,113,86,0.21,0,0,7,2,0,20,16,1,1,0.19,1,3,0,3,1,1,0,0,1,0.2,0.37,1,1,0,1,1,1,1,1
vite,npm,2189100,1128,1,14,0,202,108,0.03,0,0,1,0,0,9,1,0,0,0.18,0,0,0,0,0,0,0,0,0,0.12,0.09,0,0,1,1,1,0,0,0
@toptal/picasso-rich-text-editor,npm,469,8,1,5,4,791,76,0.69,1,0,15,13,8,47,16,1,1,0.76,1,5,1,9,1,0,0,0,1,0.26,0.48,1,1,1,1,0,1,1,1
pb-node-modules,npm,336,38,0,6,1,1088,45,0.93,1,1,17,8,8,25,25,1,1,0.74,1,7,5,3,0,0,1,1,0,0.25,0.82,1,1,0,1,0,1,0,1
eslint,npm,4075627,1887,0,8,0,60,19,0.14,0,1,2,2,0,8,5,0,1,0.08,0,0,0,0,0,0,0,0,0,0.04,0.1,0,0,1,0,1,0,0,0
pkg-5968-util,npm,1395,61,1,3,3,121,76,0.39,1,1,4,0,1,16,4,0,0,0.44,1,3,1,1,0,1,0,0,1,0.3,0.26,0,1,1,1,0,1,0,1
click,pypi,2578654,3067,2,10,0,91,54,0.13,1,0,3,0,0,4,0,0,1,0.05,0,0,0,0,0,0,0,0,0,0.02,0.0,0,0,1,1,0,0,0,0
plide,npm,265,12,2,4,5,188,36,0.97,1,1,23,17,8,18,19,1,1,0.53,1,8,4,7,1,1,1,1,1,0.62,0.37,1,1,0,0,0,1,1,1
nodemailer,npm,3782638,2487,0,14,0,152,111,0.05,0,0,3,1,0,5,1,1,1,0.12,0,1,0,0,1,0,0,0,0,0.0,0.12,0,0,1,1,0,0,0,0
esbuild,npm,1187104,1166,0,21,2,133,119,0.05,1,1,1,1,0,1,1,0,1,0.06,1,0,0,1,0,0,0,0,0,0.02,0.03,0,0,1,1,1,0,1,0
husky,npm,4089202,2762,0,9,2,112,48,0.22,0,0,0,1,0,0,1,0,0,0.18,0,0,1,1,1,0,0,0,0,0.0,0.08,0,0,1,1,1,0,1,0
python-dateutil,pypi,651349,3189,0,5,0,152,7,0.04,0,1,1,0,0,6,5,0,1,0.09,1,0,0,0,1,0,0,0,0,0.02,0.12,0,0,1,0,1,0,0,0
react,npm,3037658,1918,2,14,0,79,37,0.14,0,1,0,0,0,12,0,0,1,0.16,0,0,0,0,1,0,0,0,0,0.07,0.12,0,0,1,0,1,0,0,0
pkg-4042-helper,pypi,747,72,1,5,0,63,53,0.27,0,1,1,1,2,7,13,0,1,0.45,1,0,0,1,0,1,0,0,1,0.3,0.4,1,0,1,1,0,1,1,1
com.unity.collections,npm,173,30,2,4,5,381,73,0.56,1,0,18,8,7,14,20,1,0,0.69,1,1,7,5,0,0,1,0,1,0.64,0.51,1,1,0,0,0,1,1,1
pkg-5478-helper,pypi,4860,70,0,8,2,279,36,0.5,0,1,6,4,0,5,3,0,0,0.12,0,2,0,2,1,0,1,0,0,0.44,0.21,0,1,1,1,1,1,0,0
chai-async-chain,npm,415,45,1,2,5,905,60,0.78,1,1,21,12,6,52,34,1,1,0.58,0,3,5,5,1,1,1,0,0,0.32,0.55,1,1,0,0,0,0,1,1
date-fns,npm,2288533,3400,1,5,0,106,48,0.06,0,0,2,2,0,11,3,0,1,0.0,0,0,0,0,1,0,0,0,0,0.06,0.08,0,0,1,1,0,0,0,0
pkg-2496-helper,npm,1500,141,0,7,0,66,22,0.38,1,1,8,2,2,18,4,0,1,0.26,1,3,1,2,1,0,1,0,0,0.43,0.43,1,0,1,1,1,1,0,0
tedious-types,npm,235,44,0,6,3,232,22,0.74,1,1,9,15,11,39,10,1,1,0.67,1,1,2,12,1,1,1,0,1,0.91,0.79,1,0,1,0,0,1,1,1
seaborn,pypi,3222390,1914,1,18,1,141,63,0.14,0,0,0,2,0,11,3,0,0,0.04,0,0,0,0,1,0,0,0,0,0.06,0.02,0,0,1,1,1,0,0,0
networkx,pypi,2446237,1739,0,21,1,223,9,0.07,0,0,1,1,0,7,5,1,0,0.02,0,0,0,0,0,0,0,0,0,0.04,0.05,0,1,1,1,0,0,0,0
miantestone,pypi,416,28,1,0,4,345,23,0.99,1,1,11,2,5,32,20,1,1,0.96,1,0,4,13,1,0,0,0,1,0.4,0.49,1,1,0,0,0,1,0,1
redux,npm,3207339,579,1,11,0,66,98,0.22,0,0,0,0,0,6,6,1,1,0.12,0,0,0,1,0,0,0,0,0,0.09,0.14,0,1,1,1,1,0,0,0
fs-extra,npm,4843221,1493,1,5,0,233,82,0.12,0,0,1,2,0,10,2,1,1,0.0,0,0,0,0,0,0,0,0,0,0.03,0.03,0,0,0,1,1,0,0,0
plotly,pypi,1186156,707,1,18,0,98,109,0.09,0,1,3,0,0,7,2,0,1,0.02,0,1,0,0,0,0,0,0,0,0.07,0.1,0,0,0,1,1,0,0,0
pkg-2826-helper,pypi,203,101,1,9,1,131,13,0.47,1,0,8,2,1,8,4,0,0,0.23,1,2,2,3,0,1,1,0,0,0.3,0.15,0,0,1,0,0,0,1,1
pkg-7830-lib,npm,2303,140,1,7,1,196,47,0.45,1,1,5,3,3,15,1,1,0,0.47,1,1,1,2,0,0,0,0,1,0.35,0.2,1,0,1,1,1,1,0,1
pkg-5315-helper,pypi,4514,110,1,4,3,93,99,0.49,1,0,6,1,3,3,8,0,1,0.13,0,1,0,1,1,0,0,0,0,0.2,0.44,1,1,1,0,1,0,1,1
bcryptjs,npm,931884,1119,0,12,0,24,78,0.1,0,0,0,2,0,2,1,1,1,0.11,0,0,0,1,0,0,0,0,0,0.04,0.02,0,0,1,1,1,0,0,0
verdi-chat-library,npm,580,44,0,4,4,736,29,0.8,1,1,24,8,10,24,13,0,1,0.79,1,7,0,13,1,0,0,0,1,0.75,0.33,0,1,0,0,0,1,1,1
cheerio,npm,3935707,1991,0,18,0,43,16,0.18,0,0,2,1,0,4,4,0,0,0.17,1,0,1,1,0,0,0,0,0,0.01,0.1,0,1,1,1,1,0,1,0
beautifulsoup4,pypi,4438119,3001,1,4,1,119,21,0.18,1,0,0,0,0,5,6,0,1,0.17,0,0,0,0,0,0,0,0,0,0.12,0.05,0,0,0,1,1,0,0,0
poetry,pypi,786626,2295,1,12,1,92,96,0.17,0,0,2,2,0,4,1,0,1,0.18,0,0,0,0,1,0,0,0,0,0.04,0.01,0,0,1,1,1,0,0,0
pkg-2523-lib,pypi,576,55,0,3,0,94,66,0.21,1,1,2,2,1,20,18,0,0,0.24,0,0,2,0,1,0,1,0,1,0.14,0.36,0,1,0,1,0,1,0,1
datanerd,npm,383,17,0,2,1,856,30,0.87,0,1,8,3,6,42,26,1,1,0.7,1,2,2,4,1,1,0,0,0,0.19,0.34,0,1,0,1,1,1,0,1
pkg-7837-util,npm,5921,57,0,7,2,241,40,0.36,1,1,6,2,3,18,16,1,0,0.29,0,3,1,4,0,1,1,0,0,0.43,0.41,0,1,1,0,0,1,1,0
pkg-9316-util,npm,1590,70,1,4,1,398,20,0.45,0,0,3,2,1,7,13,1,1,0.3,1,1,1,2,1,0,1,0,0,0.33,0.44,1,1,0,0,0,0,1,0
pkg-7113-util,npm,164,23,0,7,3,196,8,0.48,1,0,3,1,3,7,18,0,1,0.15,0,2,2,1,1,0,1,0,0,0.39,0.26,0,0,1,1,0,1,0,0
parcel,npm,3335297,2201,0,25,1,249,22,0.17,0,0,1,1,0,4,5,1,1,0.0,0,0,0,1,1,0,0,0,0,0.03,0.09,0,1,1,1,1,0,1,0
superagent,npm,1249964,706,0,5,0,227,36,0.06,0,1,1,2,0,10,4,0,0,0.09,1,0,0,0,0,0,0,0,0,0.09,0.1,0,0,1,1,1,0,0,0
pkg-6956-util,pypi,5281,45,1,10,0,178,75,0.54,0,0,8,4,1,9,9,0,0,0.2,1,1,0,4,1,1,0,0,1,0.17,0.39,0,0,1,0,0,0,0,0
spacy,pypi,173356,2405,0,4,1,173,110,0.12,1,0,1,0,0,11,3,0,1,0.07,0,0,1,0,0,0,0,0,0,0.01,0.1,0,0,1,0,1,0,0,0
pkg-5368-util,npm,3782,31,1,5,3,128,86,0.46,0,1,5,4,2,5,11,1,0,0.32,1,0,0,0,0,0,0,0,0,0.31,0.44,0,0,0,1,1,0,0,0
markdown,pypi,112670,2531,1,7,0,125,95,0.05,1,0,1,1,0,11,2,1,0,0.05,0,0,0,1,0,0,0,0,0,0.06,0.0,0,0,1,0,1,0,1,0
monzo-com,npm,586,25,1,6,4,239,40,0.87,1,1,25,6,8,10,13,1,0,0.91,1,1,7,2,1,0,1,0,0,0.53,0.9,1,1,0,0,1,1,1,1
rimraf,npm,3566631,997,0,6,0,24,46,0.16,0,0,0,1,0,2,4,0,0,0.04,0,0,0,1,0,0,0,0,0,0.08,0.0,0,0,1,0,1,0,1,0
@ensdomains/subdomain-registrar,npm,1926,285,1,0,2,434,30,0.9,0,1,21,13,8,43,13,0,0,0.61,1,8,6,15,1,0,0,0,1,0.21,0.54,1,1,0,0,0,1,1,1
duckc2-v5.5.5,npm,443,7,1,6,2,272,75,0.98,1,0,17,13,11,35,8,1,1,0.62,0,8,3,6,1,1,0,0,1,0.83,0.46,1,1,1,0,0,0,0,1
tpccintelcontrol,pypi,55,43,0,1,3,479,36,0.84,1,0,13,8,9,10,27,1,0,0.78,1,8,6,9,1,1,1,0,1,0.46,0.89,1,1,0,0,0,0,1,1
orchestration-types,npm,705,32,2,2,1,1031,37,0.8,0,1,10,15,9,35,30,1,0,0.83,1,6,3,10,0,1,1,0,1,0.76,0.86,1,1,0,0,1,0,0,1
pkg-9189-util,pypi,3031,78,1,6,0,409,16,0.42,1,1,3,3,1,10,16,1,1,0.41,1,1,0,2,0,0,0,0,1,0.21,0.28,1,0,1,0,0,0,0,0
pkg-5257-core,npm,1530,76,0,2,3,226,11,0.47,0,0,2,4,0,10,3,1,1,0.17,0,3,1,1,0,1,0,0,0,0.28,0.18,0,0,0,1,1,1,0,1
debug-mj,npm,680,32,0,6,5,236,61,0.69,1,1,22,10,8,19,37,1,1,0.57,1,0,6,17,1,0,1,0,1,0.84,0.76,1,0,1,0,0,0,1,1
canary-ng,npm,225,9,2,1,4,915,53,0.85,1,1,11,4,9,36,38,1,0,0.94,0,0,3,6,0,1,1,1,0,0.69,0.72,1,0,1,0,1,0,1,1
fastapi,pypi,601062,1776,2,13,1,13,37,0.12,0,1,2,2,0,12,1,0,1,0.13,0,1,0,0,0,0,0,0,0,0.05,0.07,0,0,1,1,1,0,1,0
lodash,npm,2480100,2085,0,20,1,67,26,0.21,0,0,0,0,0,6,5,0,1,0.07,0,1,0,1,1,0,0,0,0,0.1,0.0,0,0,1,1,1,0,0,0
pkg-6609-lib,npm,3143,129,0,10,1,88,34,0.54,0,0,5,1,2,11,15,1,0,0.47,0,3,2,1,0,0,0,0,0,0.36,0.22,0,0,1,0,0,1,0,0
okta-sdk-php-openapi,npm,635,44,1,3,5,443,29,0.73,1,1,12,2,8,26,39,1,0,0.68,1,4,6,10,1,1,0,1,1,0.24,0.47,1,1,0,0,1,1,0,1
web-eth-abi,npm,572,27,1,6,5,929,57,0.95,1,1,13,3,10,55,11,1,1,0.56,0,2,3,7,1,0,0,0,1,0.51,0.63,1,0,0,0,0,1,1,1
python-dotenv,pypi,3777241,2817,1,6,0,60,95,0.25,0,1,0,2,0,6,1,0,0,0.17,1,0,0,0,0,0,0,0,0,0.04,0.05,0,0,1,1,0,0,0,0
@sporta-technology/d11-web-components.console,npm,148,26,0,2,2,642,72,0.92,1,1,16,6,12,54,10,1,0,0.5,1,1,5,14,1,0,1,0,1,0.54,0.46,1,1,0,1,0,1,1,1
next,npm,3051849,3006,0,20,0,224,56,0.11,0,0,1,0,0,12,1,0,0,0.15,0,0,0,2,0,0,0,0,0,0.09,0.04,0,0,1,1,0,0,0,0
redirect-ewce43,npm,306,13,1,0,2,381,30,0.82,1,0,9,10,10,15,30,1,0,0.96,1,2,5,4,0,0,1,0,1,0.64,0.87,1,0,0,0,0,1,1,1
redirect-4a6uhw,npm,51,26,2,1,1,888,0,0.71,1,1,10,5,1,21,15,1,0,0.7,0,4,6,17,1,1,1,0,1,0.59,0.33,1,1,0,1,0,1,1,1
tensorflow,pypi,402678,274,0,11,0,178,20,0.06,1,0,0,1,0,6,0,0,0,0.1,0,0,0,0,0,0,0,0,0,0.09,0.08,0,0,0,0,1,0,0,0
nanoid,npm,3590895,2825,2,23,0,223,120,0.09,0,0,0,2,0,7,3,0,0,0.16,0,0,0,1,1,0,0,0,0,0.05,0.0,0,0,1,1,1,0,0,0
boostrapsio,npm,736,32,0,4,1,630,80,0.84,1,1,6,15,2,48,11,1,0,0.82,0,0,5,3,1,1,1,1,0,0.35,0.5,1,1,0,0,0,1,1,1
rich,pypi,477136,2208,1,14,2,247,14,0.09,0,0,3,0,0,4,6,0,1,0.09,0,0,0,2,1,0,0,0,0,0.0,0.11,0,0,1,1,0,0,0,0
keras,pypi,2071297,931,0,3,0,220,33,0.23,0,0,1,0,0,5,1,0,1,0.04,0,0,1,1,0,0,0,0,0,0.11,0.01,0,0,1,1,1,0,1,0
pkg-8961-core,npm,4669,150,0,3,2,409,52,0.38,0,1,5,5,3,2,3,0,0,0.44,1,1,2,4,0,1,1,0,0,0.15,0.11,1,1,0,1,0,0,0,0
@medialink-ml/yuzu-widget,npm,453,36,2,4,1,379,9,0.97,1,0,15,6,7,16,7,1,1,0.93,0,5,3,9,1,0,1,1,1,0.75,0.87,0,1,0,1,0,0,1,1
@pumpswap-sdk4/metadata,npm,742,19,0,4,3,1191,57,0.74,1,1,14,18,2,14,15,0,1,0.48,1,6,1,8,1,1,1,1,1,0.8,0.25,1,1,0,1,0,0,0,1
snapon-imageviewer,npm,141,34,1,3,3,720,31,0.98,0,1,19,18,7,43,12,1,1,0.82,1,4,7,8,0,0,0,1,0,0.87,0.52,0,1,0,0,0,1,0,1
redux-init-rce,npm,184,20,0,5,5,409,35,0.52,0,1,8,17,2,8,41,1,1,0.7,1,2,0,10,1,0,0,1,1,0.21,0.65,0,1,0,0,0,0,0,1
pkg-8285-util,npm,1497,55,0,2,3,294,51,0.48,1,0,6,5,0,15,16,0,1,0.28,1,0,0,0,1,1,0,0,0,0.28,0.19,0,0,0,0,0,0,0,0
pkg-2402-lib,pypi,4621,66,1,8,0,110,72,0.35,1,1,8,2,3,16,14,1,1,0.13,0,3,0,1,1,0,1,0,1,0.23,0.32,1,0,1,0,1,0,1,1
com.unity.demoteam.digital-human,npm,414,8,1,4,5,231,79,0.54,1,1,10,12,4,24,30,1,1,0.79,1,5,1,2,1,1,1,0,0,0.58,0.56,0,1,0,0,0,1,0,1
pkg-6695-core,npm,672,110,0,6,2,412,8,0.45,1,1,3,3,1,16,10,1,1,0.2,1,1,2,5,1,0,1,0,0,0.35,0.23,0,0,0,1,0,0,0,0
dawid-insecure-npm,npm,95,4,1,4,1,395,11,0.93,1,1,25,7,2,52,16,1,1,0.7,0,7,4,15,1,1,1,0,0,0.77,0.4,0,1,1,0,0,1,1,1
chai-auth,npm,553,14,0,1,5,742,29,0.91,1,1,11,11,3,50,38,1,1,0.61,0,8,2,15,1,1,0,0,1,0.69,0.77,1,1,1,0,0,1,0,1
@liquid-web/common,npm,212,42,2,2,3,261,28,0.92,1,1,25,13,12,36,12,0,1,0.57,1,5,4,18,1,1,0,0,0,0.54,0.79,1,1,0,0,0,0,0,1
angular,npm,181777,650,0,23,0,38,31,0.2,0,0,3,2,0,0,6,0,0,0.1,0,0,0,0,0,0,0,0,0,0.09,0.13,0,0,1,1,0,0,0,0
pkg-8206-lib,npm,1314,70,0,8,2,241,33,0.21,1,0,3,1,3,20,7,1,0,0.27,1,1,0,0,0,0,0,0,1,0.27,0.12,1,0,1,0,0,1,1,1
multi-fnft,npm,332,2,1,2,1,409,53,0.76,0,1,18,13,9,45,11,1,1,0.57,0,8,4,16,1,0,0,1,1,0.49,0.28,1,1,0,0,0,1,0,1
pkg-4847-core,pypi,2362,25,1,3,1,150,13,0.34,1,0,1,3,3,16,14,0,0,0.33,0,0,1,5,1,1,0,0,0,0.11,0.2,0,0,1,0,0,1,1,0
prettier,npm,705022,2487,0,25,2,109,27,0.05,0,0,3,0,0,0,3,0,0,0.13,1,1,0,1,0,0,0,0,0,0.09,0.13,0,0,1,1,0,0,0,0
durablefunctionsmonitor,npm,765,22,0,3,1,438,28,0.93,1,1,6,14,1,24,39,0,1,0.65,1,6,5,5,1,0,1,0,1,0.86,0.6,1,1,0,1,0,1,1,1
stencil-cli,npm,611,28,1,5,3,1043,77,0.99,0,1,22,8,5,10,32,0,1,0.94,1,5,6,4,1,1,1,0,1,0.83,0.72,1,1,1,0,1,1,1,1
pkg-3890-core,npm,4617,84,0,3,0,123,23,0.32,0,1,6,0,2,14,14,0,1,0.2,0,3,2,5,0,0,1,0,0,0.3,0.26,1,1,0,0,0,1,0,1
htx-internal,npm,495,37,2,1,5,927,45,0.81,1,1,19,5,7,36,7,0,1,0.8,0,8,3,12,1,1,1,0,1,0.68,0.38,1,1,0,0,0,1,0,1
js-dos-template,npm,54,41,1,0,3,343,71,0.84,1,1,25,6,6,13,42,1,1,0.61,1,2,1,11,1,1,1,0,0,0.69,0.8,1,0,1,0,0,1,1,1
hyatt-residential-roster,npm,358,3,1,6,1,761,42,0.96,0,0,17,7,3,51,23,1,1,0.85,1,0,1,11,1,1,1,0,1,0.82,0.25,1,1,0,0,0,1,1,1
pkg-6488-core,pypi,2311,128,0,4,2,137,92,0.44,1,0,8,4,1,5,10,0,0,0.34,1,1,2,3,1,0,0,0,0,0.35,0.43,1,1,0,1,0,1,0,0
mtls-ambassador,npm,677,2,2,1,5,600,17,0.87,1,1,13,13,1,43,40,1,0,0.47,1,8,1,11,0,1,1,0,0,0.48,0.67,1,1,0,0,0,1,1,1
monlith,pypi,800,29,1,5,3,552,24,0.65,1,0,9,7,12,40,12,1,0,0.68,1,2,2,10,0,1,1,0,0,0.27,0.43,0,1,1,0,0,1,1,1
chalk,npm,1259726,3006,1,18,0,45,85,0.23,0,0,1,0,0,6,2,0,1,0.01,0,1,0,0,0,0,0,0,0,0.06,0.02,0,0,1,0,1,0,0,0
pkg-8606-util,npm,2762,38,0,9,0,266,15,0.37,0,0,8,2,0,20,14,0,1,0.4,0,3,0,2,1,1,0,0,1,0.16,0.28,1,1,1,0,1,1,1,1
elf-stats-sparkly-train-831,npm,539,43,1,4,2,1000,13,0.88,1,1,25,15,2,18,16,1,1,0.63,1,8,7,13,1,1,1,0,1,0.76,0.51,1,1,0,0,1,1,1,1
pkg-5333-helper,pypi,3940,24,1,2,3,58,50,0.37,0,1,1,4,0,10,18,1,0,0.28,1,2,1,3,0,0,1,0,0,0.15,0.32,0,0,0,0,0,1,1,1
pkg-6401-helper,npm,322,117,0,7,2,432,75,0.22,0,0,6,4,1,7,18,1,0,0.22,0,2,1,3,0,0,0,0,0,0.4,0.36,0,1,1,0,0,1,1,0
psycopg2,pypi,3282671,1907,2,23,2,97,101,0.13,0,1,0,1,0,11,5,0,1,0.02,0,0,1,1,0,0,0,0,0,0.1,0.14,0,0,1,1,1,0,1,0
awscli,pypi,1477065,1900,0,8,1,192,55,0.13,0,1,0,1,0,11,0,0,0,0.05,1,0,0,2,0,0,0,0,0,0.11,0.06,0,1,1,1,1,0,0,0
pillow,pypi,2520563,1688,1,9,1,167,108,0.24,0,1,0,1,0,4,0,0,1,0.14,1,0,1,0,1,0,0,0,0,0.04,0.01,0,1,1,1,1,0,0,0
pkg-3215-util,npm,4565,79,0,5,0,300,82,0.39,0,0,2,2,0,10,9,1,0,0.42,0,3,1,1,0,0,1,0,1,0.13,0.15,1,0,1,0,1,1,0,1
@yinc/ui,npm,110,9,2,1,3,861,56,0.87,0,1,15,6,5,10,36,1,1,0.61,1,3,2,13,1,1,1,0,1,0.88,0.6,0,1,1,0,0,1,1,1
pkg-9752-core,npm,4676,143,0,8,3,396,21,0.35,1,0,2,3,0,21,12,1,0,0.24,0,1,0,0,0,0,0,0,1,0.36,0.38,0,0,0,0,0,0,0,0
intercom-intermoji,npm,253,5,0,2,2,928,19,0.87,1,1,7,4,1,27,33,1,1,0.5,0,2,6,16,1,1,1,1,0,0.17,0.45,0,1,1,0,0,1,1,1
prisma,npm,790274,582,0,16,0,165,98,0.16,0,1,3,2,0,1,4,1,0,0.13,0,0,0,0,0,0,0,0,0,0.08,0.03,0,0,0,1,0,0,0,0
@espace-client-axafr/advisor-list,npm,466,33,2,4,4,937,45,0.61,1,0,22,17,12,23,37,1,1,0.94,1,0,0,17,1,1,0,1,1,0.21,0.73,1,1,1,0,0,0,1,1
pkg-8191-helper,npm,2513,86,0,5,2,112,17,0.27,0,0,1,4,1,2,16,0,1,0.19,1,3,2,1,1,1,0,0,1,0.35,0.4,1,1,1,1,0,0,1,1
pkg-8190-util,pypi,718,82,1,10,1,113,75,0.54,0,0,2,3,0,21,6,1,1,0.13,0,1,0,3,0,0,0,0,1,0.14,0.18,0,0,0,1,1,1,1,1
pkg-1112-util,pypi,4407,140,1,3,3,173,96,0.39,0,1,8,5,0,11,13,0,1,0.26,1,3,0,0,0,1,1,0,0,0.35,0.23,1,0,0,1,0,1,0,0
bloomr-ts,npm,518,31,2,6,2,303,62,0.66,1,1,5,18,4,43,29,1,0,0.49,1,7,1,17,1,1,0,1,1,0.67,0.27,1,0,0,0,0,1,1,1
pkg-9353-helper,npm,4063,38,0,5,3,360,51,0.53,1,1,1,3,0,12,13,0,0,0.36,1,3,1,4,0,0,0,0,1,0.43,0.28,1,0,0,1,1,0,1,0
workingstealer,npm,261,24,2,3,4,150,4,0.99,0,1,13,2,5,22,18,1,0,0.86,1,8,2,5,0,1,1,0,0,0.36,0.84,0,1,0,0,0,1,1,1
pkg-3819-lib,pypi,808,67,0,5,3,86,97,0.29,1,0,8,1,2,5,16,1,0,0.45,1,3,2,1,0,1,0,0,0,0.37,0.15,1,1,1,1,0,1,1,0
wallet-adapter-demo,npm,150,2,1,3,4,771,56,0.87,1,1,10,5,3,19,6,1,1,0.75,1,3,3,2,1,0,1,1,0,0.55,0.64,1,1,0,1,1,1,0,1
pkg-3147-core,npm,4520,30,1,2,0,280,17,0.49,1,1,5,2,2,14,3,1,1,0.34,1,2,2,3,1,0,0,0,1,0.14,0.18,0,0,0,1,1,0,0,1
pkg-9240-core,pypi,1025,39,0,4,2,410,66,0.53,1,0,7,5,3,9,9,1,0,0.16,1,2,2,2,1,1,0,0,0,0.15,0.36,1,1,0,0,1,0,0,0
pussysus,pypi,369,4,2,6,5,491,47,0.58,0,0,11,18,1,10,5,1,0,0.7,1,2,2,3,1,1,1,1,0,0.41,0.5,1,1,0,0,0,0,1,1
typeorm,npm,4954126,1927,0,12,0,60,23,0.21,0,0,0,2,0,5,0,0,1,0.09,0,1,0,0,0,0,0,0,0,0.06,0.11,0,1,1,1,0,0,0,0
raphael.core,npm,424,16,1,4,2,1137,49,0.53,1,1,17,12,9,52,20,1,1,0.8,1,1,7,12,1,0,1,0,1,0.91,0.25,0,1,0,1,0,0,0,1
svelte,npm,3330611,654,0,21,1,131,21,0.15,1,1,2,0,0,1,4,0,0,0.02,1,0,1,2,0,0,0,0,0,0.02,0.1,0,1,0,1,0,0,0,0
pkg-7132-util,npm,2780,47,1,8,1,366,78,0.39,0,1,8,3,2,9,7,0,1,0.41,0,0,2,0,0,0,0,0,0,0.41,0.23,1,0,1,0,1,0,0,1
sketch-crowdin,npm,551,45,1,4,2,1152,36,0.57,1,1,23,3,6,8,36,1,0,0.88,1,6,7,15,1,1,1,0,0,0.6,0.77,0,1,0,0,0,1,1,1
knex,npm,928505,641,0,7,0,93,64,0.02,0,0,3,1,0,6,4,0,1,0.09,0,0,0,1,0,0,0,0,0,0.07,0.11,0,0,1,1,1,0,0,0
pkg-7881-core,npm,3055,112,1,3,3,373,43,0.28,0,1,8,0,2,22,11,0,0,0.43,0,0,0,4,0,0,1,0,0,0.37,0.12,0,1,1,1,0,1,0,1
pandas,pypi,4446757,683,2,9,1,126,4,0.19,1,0,0,2,0,6,0,0,1,0.1,0,1,0,0,0,0,0,0,0,0.04,0.06,0,0,1,1,1,0,0,0
vscode-mlir,npm,199,8,1,5,5,261,70,0.73,0,1,25,4,5,14,17,1,1,0.64,1,1,4,4,0,1,1,1,1,0.64,0.42,1,1,0,0,1,0,0,1
pkg-8528-helper,npm,1955,91,0,2,1,383,44,0.35,1,1,4,1,0,4,14,1,1,0.17,1,3,0,4,1,0,1,0,0,0.25,0.41,1,1,0,1,1,1,0,0
pkg-3655-util,npm,3241,54,0,6,3,310,67,0.44,1,1,8,5,2,21,13,1,1,0.18,1,1,0,1,0,1,0,0,0,0.31,0.24,1,1,1,0,1,1,0,0
three,npm,4066467,387,0,13,0,246,39,0.02,0,0,1,2,0,3,2,1,1,0.18,0,0,0,2,1,0,0,0,0,0.01,0.12,0,0,1,0,0,0,0,0
pkg-8970-lib,pypi,3908,23,1,6,2,305,89,0.5,1,0,5,5,0,6,14,0,0,0.25,0,1,2,5,1,1,0,0,1,0.13,0.42,1,0,1,1,0,1,1,1
pkg-7697-util,pypi,5145,83,0,9,0,229,7,0.46,1,0,3,3,2,9,6,1,0,0.24,1,0,0,1,1,1,0,0,1,0.31,0.45,0,1,0,1,0,0,1,0
pkg-2505-lib,pypi,2920,40,1,7,0,292,56,0.39,1,1,3,4,0,8,15,0,0,0.39,1,1,0,0,0,0,1,0,1,0.18,0.11,0,0,0,0,1,1,1,0
pytz,pypi,3813098,1360,1,20,1,128,9,0.1,0,0,0,0,0,0,0,0,1,0.07,0,0,0,1,0,0,0,0,0,0.04,0.15,0,0,1,1,1,0,0,0
pkg-6535-helper,npm,2783,124,0,6,1,426,76,0.48,1,1,4,2,3,17,17,0,0,0.27,0,3,0,0,0,0,0,0,0,0.25,0.44,0,1,1,0,1,0,1,1
selenium,pypi,1821336,2010,2,4,2,212,66,0.17,0,0,3,1,0,7,0,0,0,0.14,0,0,0,0,0,0,0,0,0,0.01,0.06,0,0,1,1,1,0,0,0
tphydracvmask,pypi,59,24,1,0,1,1188,49,0.73,0,1,22,8,6,46,35,1,0,0.69,1,1,2,3,0,1,1,1,1,0.57,0.31,1,1,1,1,0,1,1,1
got,npm,4857736,3326,0,19,0,188,24,0.24,0,1,0,0,0,3,4,1,1,0.13,0,0,0,0,0,0,0,0,0,0.12,0.06,0,1,1,1,1,0,0,0
dark-switch,npm,339,6,1,0,3,953,9,0.77,1,1,12,14,1,15,20,1,1,0.58,0,3,7,5,1,1,0,1,1,0.7,0.42,1,1,0,0,0,1,1,1
pkg-6538-core,pypi,1792,105,0,4,1,320,98,0.32,0,0,8,0,0,13,3,1,0,0.44,1,1,1,5,0,0,0,0,0,0.28,0.33,1,1,1,0,0,0,0,0
toml,pypi,3691508,1902,0,10,1,92,36,0.14,0,0,1,1,0,5,5,0,0,0.14,1,0,0,0,0,0,0,0,0,0.05,0.06,0,0,0,1,1,0,0,0
pkg-2661-core,npm,1467,101,0,10,3,391,63,0.2,1,1,1,2,3,10,4,1,1,0.4,1,2,0,1,1,1,1,0,0,0.15,0.22,1,0,1,1,0,1,1,1
pino,npm,68621,2925,1,4,0,59,66,0.2,0,1,2,1,0,7,3,0,1,0.06,0,0,0,0,0,0,0,0,0,0.05,0.01,0,0,1,1,1,0,0,0
selfpywkillgui,pypi,551,26,1,5,2,157,2,0.99,1,1,21,14,4,23,34,1,0,0.6,0,0,6,2,0,0,0,0,1,0.18,0.63,1,0,0,0,1,1,0,1
rif-wallet,npm,403,14,2,6,2,842,13,0.88,0,0,18,16,11,45,37,1,1,0.45,0,8,6,17,1,0,1,0,1,0.8,0.27,1,1,1,1,0,1,1,1
pylint,pypi,2070995,2912,0,13,0,122,76,0.1,0,0,2,1,0,0,0,0,1,0.1,0,0,1,0,0,0,0,0,0,0.06,0.13,0,0,1,1,0,0,1,0
pkg-6704-helper,npm,3145,139,1,8,1,355,76,0.51,0,1,6,1,0,8,15,1,0,0.12,1,2,0,2,1,0,1,0,0,0.11,0.2,1,1,0,1,1,0,0,1
xolobgcbdndabm,pypi,341,27,1,2,2,371,48,0.94,1,1,10,16,6,27,19,1,0,0.8,1,5,4,4,1,1,1,1,1,0.93,0.59,0,0,0,0,0,0,0,1
pkg-7960-helper,npm,2471,137,0,8,0,337,43,0.21,1,0,6,1,3,16,9,0,0,0.25,0,2,2,4,1,0,0,0,1,0.15,0.33,1,1,0,1,1,1,0,1
pkg-8309-core,pypi,2761,47,1,8,1,330,50,0.33,0,1,3,0,2,20,14,1,1,0.26,0,1,1,3,0,1,0,0,0,0.18,0.23,0,1,0,0,1,0,1,1
setuptools,pypi,4577557,608,2,17,1,153,103,0.03,0,0,0,0,0,12,3,1,0,0.04,0,0,0,1,0,0,0,0,0,0.11,0.1,0,0,1,1,1,0,1,0
epic-fortnite-styles,npm,538,14,1,4,1,373,73,0.86,0,1,23,11,7,46,25,1,1,0.75,1,2,7,18,1,1,1,1,0,0.86,0.37,1,1,0,0,0,1,1,1
shmam-test-pear,npm,665,25,1,3,5,353,40,0.74,0,1,10,18,8,43,6,0,0,0.94,1,5,7,14,1,0,0,0,1,0.43,0.65,0,1,0,0,1,0,1,1
helmet,npm,1675247,3260,2,13,0,204,14,0.1,0,0,3,1,0,3,3,0,0,0.08,0,0,0,0,0,0,0,0,0,0.11,0.07,0,0,1,1,0,0,0,0
pkg-5556-helper,pypi,2226,22,1,2,3,105,89,0.44,0,0,2,1,3,4,6,1,0,0.46,1,3,1,4,1,1,1,0,0,0.14,0.14,0,0,1,0,0,0,1,1
ajv,npm,4549885,740,1,14,1,118,94,0.17,0,0,0,0,0,12,1,0,1,0.1,0,0,1,2,1,0,0,0,0,0.1,0.07,0,0,0,1,1,0,0,0
jest,npm,2141122,1213,1,21,2,220,20,0.02,0,0,1,2,0,1,4,0,1,0.03,0,0,0,1,1,0,0,0,0,0.08,0.06,0,0,1,1,1,0,1,0
msmg-msm-auth,npm,770,16,1,6,5,1142,80,0.62,1,0,13,9,5,29,25,0,0,0.53,1,2,3,4,1,1,1,1,1,0.2,0.8,1,0,1,1,0,1,1,1
pkg-5336-lib,npm,2029,85,1,6,0,311,34,0.21,1,0,7,0,3,3,3,1,1,0.13,1,0,1,4,0,1,0,0,0,0.42,0.24,1,0,0,0,1,0,1,1
d360-frontend,npm,647,12,1,5,1,159,57,0.64,1,1,19,4,3,47,32,1,1,0.68,1,6,0,3,1,0,1,0,0,0.86,0.74,1,1,0,0,0,0,1,1
blurmph,npm,700,12,2,6,1,184,75,0.53,1,1,5,3,7,40,23,1,1,0.82,0,8,2,10,0,1,0,0,0,0.58,0.48,1,0,0,1,0,0,0,1
tpstrmcint,pypi,185,14,1,6,4,543,28,1.0,1,0,13,5,9,42,38,0,1,0.63,1,6,2,7,0,1,1,0,1,0.5,0.5,1,1,1,0,1,0,1,1
pkg-8682-lib,pypi,5323,103,0,10,2,344,36,0.28,0,1,8,2,2,18,10,1,1,0.14,1,2,0,1,0,0,0,0,0,0.42,0.42,1,1,1,1,1,1,0,1
signup-failover,npm,720,38,2,5,3,933,51,0.69,1,1,19,6,4,43,29,1,1,0.53,1,2,0,4,1,0,0,1,1,0.5,0.91,0,1,1,1,1,1,0,1
pkg-2825-lib,pypi,2478,130,0,5,1,356,82,0.4,1,1,4,1,0,19,11,0,0,0.41,1,1,2,4,0,0,0,0,1,0.36,0.44,1,1,0,0,0,1,0,0
pymongo,pypi,1527148,1772,1,23,2,116,38,0.15,0,0,0,2,0,2,3,0,1,0.1,1,1,0,0,1,0,0,0,0,0.1,0.08,0,0,1,1,1,0,1,0
paramiko,pypi,3551662,2976,1,14,1,105,9,0.14,0,0,3,0,0,11,6,1,0,0.02,1,0,0,1,0,0,0,0,0,0.07,0.07,0,0,1,1,1,0,0,0
moment,npm,1512054,252,2,18,2,31,50,0.12,0,0,0,1,0,6,5,0,0,0.01,0,0,0,1,0,0,0,0,0,0.01,0.13,0,0,1,0,1,0,0,0
attrs,pypi,1517425,221,1,17,0,36,5,0.05,0,0,0,2,0,4,6,0,0,0.18,1,0,0,1,0,0,0,0,0,0.05,0.14,0,0,1,1,1,0,1,0
marshmallow,pypi,3563261,504,0,9,0,89,39,0.03,0,0,1,1,0,12,0,0,1,0.04,0,0,0,0,0,0,0,0,0,0.06,0.04,0,0,0,0,0,0,0,0
matplotlib,pypi,4239170,3339,0,16,1,47,32,0.07,0,0,0,0,0,10,5,1,1,0.06,0,0,0,0,0,0,0,0,0,0.03,0.11,0,0,1,1,0,0,0,0
black,pypi,2563876,317,2,6,0,37,109,0.18,0,0,0,0,0,2,0,1,0,0.01,0,0,0,0,0,0,0,0,0,0.0,0.1,0,1,1,1,1,0,0,0
pysubprocess,pypi,287,25,1,3,2,660,80,1.0,0,1,15,17,9,39,27,1,1,0.59,0,5,3,2,1,0,1,0,1,0.95,0.9,0,1,0,0,0,0,1,1
apple.github.io,npm,583,14,0,5,3,1138,22,0.74,0,1,5,14,2,11,26,1,1,0.67,0,3,0,14,0,1,1,0,1,0.58,0.31,1,1,0,0,1,1,1,1
selfosintultrahacked,pypi,628,22,2,0,2,209,60,0.95,0,0,16,3,2,35,30,1,1,0.77,1,5,4,12,0,1,1,0,1,0.6,0.27,1,1,0,1,0,1,1,1
crypto-js,npm,1720992,1800,0,20,1,53,60,0.04,1,0,3,1,0,1,1,0,0,0.01,1,0,0,0,0,0,0,0,0,0.01,0.14,0,0,1,1,1,0,1,0
invoicetemplate-paypal,npm,590,33,0,1,4,743,50,0.57,1,0,19,3,9,33,21,0,1,0.72,1,2,7,8,1,1,1,0,1,0.64,0.73,0,1,0,0,1,1,1,1
docusaurus-theme,npm,171,27,2,3,2,971,7,0.58,0,1,12,16,5,35,40,1,0,0.55,1,0,0,12,0,0,1,1,1,0.89,0.58,0,0,0,0,0,1,0,1
eslint-config-googlejs-es6,npm,627,15,0,3,2,828,9,0.62,1,1,24,4,12,50,45,1,1,0.46,1,3,1,13,1,0,1,0,0,0.46,0.73,0,1,1,1,0,1,1,1
pkg-3606-core,pypi,3033,75,1,6,2,434,51,0.42,1,1,4,3,3,16,10,1,0,0.45,0,3,1,0,1,1,1,0,0,0.34,0.13,1,1,1,0,0,0,0,0
babel-plugin-styled-componentsss,npm,338,29,1,3,5,428,38,0.66,1,1,14,7,7,28,23,1,1,0.86,1,6,4,14,1,0,1,0,1,0.95,0.33,1,0,1,0,1,1,1,1
yup,npm,3378612,3170,0,3,1,36,111,0.14,0,0,1,2,0,10,5,1,1,0.12,0,0,0,2,0,0,0,0,0,0.1,0.15,0,0,1,1,0,0,0,0
voting-client-js,npm,514,9,2,1,2,307,65,0.82,1,1,9,7,6,46,12,1,1,0.88,0,7,7,17,0,1,0,1,0,0.34,0.29,1,1,0,0,0,0,0,1
pkg-4547-util,pypi,5241,131,1,2,0,323,54,0.53,1,1,7,4,2,7,13,1,0,0.17,0,2,2,2,0,0,1,0,0,0.22,0.24,1,1,1,1,0,0,1,1
parabol-action,npm,198,9,0,3,1,1041,25,1.0,1,1,14,4,2,32,40,1,1,0.62,1,8,7,2,1,1,1,1,0,0.48,0.31,1,0,0,0,0,1,1,1
000webhost-auth,npm,398,43,2,4,5,674,6,0.68,0,0,10,17,2,37,45,0,1,0.75,1,5,0,10,1,0,1,0,1,0.21,0.36,1,0,0,0,1,0,0,1
bokeh,pypi,3775111,810,2,13,0,209,79,0.17,0,0,0,1,0,5,4,0,1,0.13,0,0,0,1,0,0,0,0,0,0.07,0.02,0,1,1,1,1,0,1,0
webpack,npm,2693523,1465,1,25,0,75,108,0.18,0,0,1,1,0,11,3,0,1,0.03,0,0,0,0,0,0,0,0,0,0.09,0.04,0,0,1,0,0,0,0,0
@navancorp/fe-analytics,npm,421,17,2,5,4,1118,4,0.59,1,1,23,14,1,33,26,1,0,0.85,1,5,0,12,1,1,1,1,1,0.7,0.9,0,1,0,1,0,1,1,1
pkg-4971-helper,npm,765,146,0,5,0,383,32,0.36,1,0,8,0,2,8,17,1,1,0.38,0,0,0,1,1,1,0,0,1,0.28,0.37,0,0,1,1,0,1,0,1
jsondatatoruby,npm,240,3,1,4,3,944,60,0.96,0,0,24,12,2,53,38,1,1,0.59,1,6,6,13,1,1,0,0,1,0.93,0.36,1,1,0,1,1,1,0,1
coverage,pypi,4469938,2978,1,12,1,163,47,0.2,0,0,1,0,0,1,3,0,1,0.17,0,0,0,0,0,0,0,0,0,0.08,0.07,0,0,0,1,1,0,0,0
elasticsearch,pypi,386481,725,0,14,2,154,3,0.2,0,0,0,1,0,5,2,1,1,0.01,0,0,0,2,0,0,0,0,0,0.07,0.14,0,0,1,1,1,0,0,0
winston,npm,3010834,1784,0,25,0,36,59,0.11,0,0,0,0,0,11,0,0,1,0.03,1,0,0,0,0,0,0,0,0,0.12,0.01,0,0,0,1,1,0,0,0
protobuf,pypi,4060743,1402,0,9,0,193,80,0.15,0,0,3,2,0,0,3,1,0,0.06,1,0,0,0,0,0,0,0,0,0.01,0.05,0,0,1,1,1,0,0,0
pkg-7168-core,npm,4868,149,1,4,2,341,79,0.32,1,0,1,0,1,9,4,0,1,0.46,1,2,0,5,0,0,0,0,1,0.41,0.36,1,0,0,1,0,0,0,1
pkg-8919-lib,npm,3282,24,1,8,2,430,74,0.45,1,0,1,3,1,16,12,1,0,0.35,1,1,2,0,0,0,0,0,0,0.31,0.13,1,1,0,0,1,1,1,1
debug,npm,2084161,517,0,6,1,33,87,0.15,0,0,3,0,0,5,2,0,0,0.16,0,0,0,0,0,0,0,0,0,0.12,0.03,0,0,1,1,1,0,1,0
pkg-4531-core,npm,3835,55,1,8,1,112,7,0.52,1,1,8,3,3,16,12,0,1,0.17,0,1,0,5,0,1,0,0,0,0.22,0.42,1,0,1,1,1,0,1,0
firebase,npm,2896976,784,0,9,2,106,89,0.09,0,0,0,0,0,1,6,1,1,0.12,0,0,0,0,0,0,0,0,0,0.08,0.03,0,0,0,1,0,0,1,0
shakti20261,npm,701,27,1,4,1,513,60,0.95,0,0,6,17,11,16,43,0,1,0.79,1,5,0,18,1,0,1,1,1,0.62,0.73,1,0,1,0,0,1,0,1
d3,npm,4769044,3212,0,4,2,168,47,0.18,0,1,1,1,0,2,3,0,1,0.09,0,0,1,2,0,0,0,0,0,0.04,0.13,0,0,1,1,1,0,0,0
flask,pypi,693932,3348,1,3,0,194,84,0.13,0,0,0,0,0,6,5,0,1,0.11,0,0,1,0,0,0,0,0,0,0.12,0.13,0,0,1,1,1,0,1,0
pkg-3713-helper,npm,4580,128,0,6,0,245,42,0.34,1,1,8,2,1,11,1,0,1,0.38,1,1,2,4,0,0,0,0,0,0.15,0.39,0,1,0,1,1,0,0,0
cryptography,pypi,3141634,2618,0,13,0,12,10,0.13,0,0,3,1,0,9,5,0,1,0.17,1,0,0,2,1,0,0,0,0,0.02,0.13,0,0,1,1,1,0,1,0
@asyncapi/generator-react-sdk,npm,2093,332,2,4,1,684,22,0.7,0,0,20,11,6,15,37,1,1,0.88,1,7,6,17,0,1,1,1,1,0.84,0.55,1,0,1,0,0,1,1,1
pkg-5769-helper,npm,875,112,0,9,3,255,12,0.42,1,1,5,5,2,15,9,1,0,0.12,1,1,2,3,0,1,1,0,0,0.14,0.37,1,1,1,0,0,0,0,1
pkg-7440-util,npm,1697,85,1,9,2,301,77,0.35,1,0,7,5,3,21,4,1,1,0.26,0,1,0,0,1,0,0,0,0,0.2,0.29,1,0,0,1,0,0,0,1
stripe,npm,4926729,353,0,8,0,179,59,0.04,0,0,0,0,0,12,5,0,1,0.08,0,0,0,0,1,0,0,0,0,0.1,0.06,0,0,1,1,1,0,0,0
pkg-6795-util,npm,759,103,0,10,2,181,63,0.42,0,1,1,3,0,18,11,0,0,0.46,0,1,0,4,1,0,1,0,0,0.19,0.15,0,1,1,0,0,0,0,0
pkg-3202-util,pypi,4051,140,1,4,2,376,74,0.33,0,1,8,5,1,6,8,0,0,0.2,0,0,2,3,1,0,0,0,0,0.19,0.36,1,1,1,1,0,1,1,1
pkg-7406-core,pypi,2683,68,0,10,2,353,20,0.35,1,1,5,0,0,17,5,1,0,0.31,1,1,1,3,1,0,0,0,0,0.26,0.18,0,0,1,1,0,1,1,1
pkg-1665-util,pypi,3203,29,0,3,3,302,97,0.23,1,1,7,0,1,10,3,1,0,0.41,1,2,2,4,0,0,0,0,1,0.27,0.37,1,1,0,1,0,1,0,1
pkg-3958-lib,npm,2723,109,0,6,1,350,55,0.37,0,0,2,2,1,17,12,0,1,0.38,1,2,2,1,1,1,1,0,1,0.28,0.12,1,1,1,0,0,0,0,1
nltk,pypi,3307388,411,1,16,0,245,81,0.11,0,0,1,2,0,2,3,0,0,0.13,0,1,0,2,1,0,0,0,0,0.09,0.13,0,0,0,1,1,0,0,0
react-outcome-error-alert,npm,352,19,2,6,2,432,52,0.8,1,1,21,8,4,21,44,1,1,0.63,1,2,5,5,1,1,1,1,1,0.75,0.81,1,1,0,0,0,1,0,1
playwright,npm,4111819,1086,1,18,1,76,1,0.19,0,0,1,1,0,9,1,0,0,0.08,0,0,0,2,1,0,0,0,0,0.0,0.08,0,0,1,1,0,0,0,0
grpcio,pypi,3648321,223,0,25,0,33,24,0.09,0,0,1,1,0,0,1,0,1,0.17,0,0,0,1,1,0,0,0,0,0.06,0.1,0,0,1,1,0,0,0,0
vue,npm,2387046,1296,2,11,0,219,115,0.2,0,0,0,1,0,0,0,0,0,0.14,1,1,0,0,0,0,0,0,0,0.12,0.15,0,0,0,1,1,0,1,0
bcrypt,pypi,4763509,2771,1,6,0,41,98,0.22,1,0,1,0,0,7,2,0,1,0.03,0,1,0,0,0,0,0,0,0,0.01,0.11,0,0,1,1,1,0,0,0
pkg-9133-helper,pypi,412,120,1,4,3,271,50,0.53,1,1,7,3,1,11,11,0,0,0.29,0,0,0,0,0,0,0,0,0,0.14,0.35,1,1,1,0,1,1,1,0
pkg-9287-core,pypi,605,51,1,8,3,134,35,0.49,1,1,2,3,1,22,1,0,0,0.41,0,1,2,5,0,1,0,0,0,0.2,0.14,1,1,1,1,1,0,1,0
arrow,pypi,4435437,2700,0,25,1,119,82,0.07,1,1,2,1,0,11,2,1,0,0.16,0,0,1,0,0,0,0,0,0,0.09,0.11,0,0,0,0,1,0,0,0
formik,npm,853250,1964,0,11,1,98,42,0.09,0,0,3,2,0,12,6,0,1,0.06,0,1,1,1,0,0,0,0,0,0.03,0.04,0,1,1,1,1,0,0,0
spookyimagelogger,pypi,728,30,2,1,2,444,78,0.63,1,1,9,12,6,37,36,0,0,0.7,1,7,7,7,1,1,1,0,1,0.23,0.79,0,1,0,0,1,1,1,1
@sas-dvr/ltjs-sasicu,npm,175,2,0,5,3,816,60,0.73,1,1,8,7,10,46,34,1,1,0.79,1,5,7,9,0,1,1,0,1,0.36,0.42,0,1,0,0,1,1,0,1
sharp,npm,1044961,2108,0,19,0,131,97,0.1,0,1,3,0,0,1,2,1,0,0.07,0,1,0,2,0,0,0,0,0,0.03,0.06,0,0,1,1,0,0,0,0
vitest,npm,1326767,1732,0,20,0,39,96,0.04,0,1,1,0,0,9,0,1,1,0.08,0,0,0,0,0,0,0,0,0,0.04,0.06,0,0,1,1,1,0,0,0
gatsby,npm,1229249,3354,0,25,1,246,8,0.04,0,0,0,1,0,0,3,0,0,0.16,0,1,0,1,0,0,0,0,0,0.11,0.11,0,0,1,1,1,0,0,0
@acitons/artifact,npm,539,15,1,4,1,1184,20,0.71,1,0,15,9,4,50,26,1,1,0.61,1,8,0,5,1,1,1,0,1,0.64,0.65,0,1,1,0,1,1,1,1
pyevasive,pypi,321,16,1,5,4,716,46,0.57,1,1,18,16,6,27,36,0,0,0.79,0,4,2,8,1,1,1,0,1,0.21,0.21,1,0,1,0,0,1,1,1
pkg-4131-lib,npm,5788,33,1,2,0,64,43,0.23,1,1,5,5,1,6,15,0,0,0.23,0,3,2,3,0,0,1,0,0,0.33,0.44,1,1,0,0,1,1,0,0
node-fetch,npm,2183314,2958,0,16,1,9,0,0.11,0,0,3,1,0,7,5,1,1,0.05,1,0,0,0,0,0,0,0,0,0.02,0.0,0,0,1,1,1,0,0,0
pkg-2213-core,pypi,2154,86,1,6,3,209,62,0.44,1,0,3,1,2,2,8,1,1,0.38,1,1,2,5,1,1,1,0,0,0.34,0.15,0,0,1,1,1,0,0,1
pkg-6823-util,pypi,5464,106,1,2,2,277,15,0.25,0,0,3,3,3,19,18,1,0,0.34,0,2,0,2,1,1,0,0,0,0.12,0.21,0,1,1,0,1,1,1,0
systemjs-builder-test,npm,353,26,1,6,1,620,57,0.89,1,0,10,18,7,29,40,0,0,0.66,0,1,2,17,1,1,0,0,1,0.33,0.26,0,1,1,0,0,0,1,1
gensim,pypi,4957780,2393,0,15,1,86,98,0.1,0,1,3,2,0,9,1,0,1,0.0,0,0,0,0,0,0,0,0,0,0.06,0.07,0,1,1,1,1,0,1,0
pkg-4690-lib,pypi,1382,86,0,7,3,374,90,0.27,1,0,4,1,1,11,6,0,0,0.31,0,1,2,2,0,1,0,0,0,0.33,0.17,0,1,1,0,0,1,0,0
logging-winston,npm,298,24,1,3,1,344,5,0.5,1,1,14,13,8,47,22,0,1,0.88,1,1,6,14,1,1,1,1,1,0.67,0.77,0,1,0,0,0,1,1,1
pkg-4734-util,pypi,2258,24,1,10,0,347,35,0.32,0,1,2,4,0,9,7,1,1,0.42,1,0,2,3,1,0,0,0,0,0.31,0.23,1,1,1,1,0,0,1,0
pkg-5521-helper,pypi,2482,61,0,7,0,103,11,0.5,1,1,3,2,3,19,1,1,1,0.26,1,0,2,2,1,0,1,0,0,0.35,0.35,1,0,0,0,0,0,0,1
@airtel-web/legos,npm,757,10,2,6,1,511,53,0.75,1,1,13,10,9,44,8,1,0,0.82,0,3,4,17,1,0,1,0,1,0.44,0.6,1,1,0,1,0,1,1,1
pkg-9205-lib,pypi,5216,55,0,9,3,360,53,0.51,0,0,5,0,0,17,8,0,1,0.13,1,2,1,5,1,0,0,0,0,0.13,0.3,1,1,0,0,1,1,0,1
parse-logger,npm,360,29,0,5,3,1040,35,0.82,0,0,25,14,6,40,15,0,0,0.9,1,0,2,4,0,1,1,0,1,0.91,0.22,0,1,0,0,1,0,1,1
pkg-5190-core,pypi,4565,45,1,7,3,53,53,0.21,1,0,8,2,0,4,8,0,1,0.26,1,1,2,3,0,1,0,0,1,0.37,0.4,0,1,0,0,0,0,1,0
identitydocumentserv-multipart-paypal,npm,250,45,1,2,1,214,11,0.7,1,1,5,2,12,18,10,1,1,0.79,1,1,0,9,0,1,1,1,1,0.19,0.25,1,0,0,0,0,0,1,1
mobx,npm,1437695,3285,2,25,0,32,55,0.25,0,0,1,1,0,12,2,0,1,0.12,0,0,1,2,0,0,0,0,0,0.01,0.1,0,0,0,0,1,0,0,0
huggingfaces-hub,pypi,756,20,0,1,5,637,53,0.75,0,1,12,4,1,22,38,1,1,0.92,1,1,1,18,0,1,1,0,1,0.6,0.51,0,1,0,0,0,1,1,1
mongoose,npm,2727735,1256,1,6,0,56,30,0.19,1,0,1,2,0,12,4,1,0,0.05,0,0,1,1,0,0,0,0,0,0.06,0.06,0,0,1,1,1,0,0,0
jsonwebtoken,npm,4726484,3096,0,24,0,93,18,0.11,1,0,2,1,0,1,0,1,1,0.14,0,0,0,0,1,0,0,0,0,0.12,0.05,0,0,1,1,1,0,1,0
cloud-inquisitor,npm,121,14,2,3,1,833,44,0.78,1,0,24,8,12,26,21,0,1,0.61,1,0,1,12,1,1,1,0,0,0.31,0.8,1,1,1,0,0,1,0,1
grpc-google-bigtable-v2,pypi,259,6,2,0,5,256,44,0.61,0,0,4,9,4,9,44,1,0,0.52,0,3,7,10,1,0,1,0,0,0.92,0.28,0,1,1,1,0,0,1,1
xiedemo,pypi,199,23,1,5,2,633,13,0.57,1,1,23,6,11,12,16,1,1,0.85,1,5,5,6,1,0,1,1,1,0.39,0.4,0,1,0,0,1,1,0,1
@sev-ui-verse/banking-models,npm,283,13,0,6,4,337,27,0.82,0,0,14,9,3,44,18,0,1,0.56,1,3,5,6,1,0,1,0,0,0.58,0.77,0,0,0,0,0,0,1,1
privy-farcaster-demo,npm,28,19,2,0,2,1185,9,0.93,1,1,8,10,5,24,5,0,1,0.54,1,7,5,7,1,1,0,1,0,0.79,0.82,1,0,0,0,1,1,1,1
remote-inp,npm,465,1,2,5,2,188,79,0.93,1,1,6,14,4,41,36,1,1,0.6,1,5,1,5,1,1,0,0,0,0.29,0.22,0,1,0,0,0,1,1,1
pkg-5189-core,npm,5562,40,1,10,2,82,31,0.46,1,1,5,2,3,16,1,0,0,0.34,1,3,0,2,1,0,0,0,1,0.15,0.31,0,0,1,0,0,0,1,1
jasmine,npm,442100,1326,0,7,2,10,81,0.25,0,0,1,2,0,1,0,0,1,0.05,0,0,0,1,0,0,0,0,0,0.11,0.03,0,0,1,1,0,0,0,0
django,pypi,4308446,1018,1,17,1,126,34,0.15,0,0,1,1,0,9,1,1,1,0.02,1,0,0,2,0,0,0,0,0,0.08,0.11,0,0,0,0,1,0,0,0
libxmlpupupu,npm,477,17,1,6,3,276,19,0.88,0,0,25,13,9,34,42,1,1,0.48,1,8,6,17,1,0,1,0,0,0.47,0.81,0,1,0,1,0,0,0,1
zkevm-rom,npm,486,34,2,1,5,436,41,0.97,1,1,16,11,10,29,37,1,1,0.75,1,0,5,12,1,0,1,0,1,0.85,0.65,1,1,0,0,0,1,1,1
scikit-learn,pypi,4384788,975,1,19,0,35,84,0.24,0,0,1,0,0,3,6,1,0,0.15,1,0,0,1,0,0,0,0,0,0.06,0.14,0,0,1,1,0,0,0,0
pkg-4949-core,pypi,3114,40,1,10,0,225,88,0.37,0,1,7,1,1,19,8,1,0,0.34,1,2,1,0,0,1,0,0,1,0.44,0.3,0,0,1,0,0,0,1,0
pkg-8614-lib,npm,2997,121,0,9,3,347,57,0.44,0,1,5,4,1,15,2,1,1,0.36,1,3,1,3,1,1,0,0,0,0.27,0.18,0,1,1,1,0,0,0,0
passport,npm,3016072,1304,0,13,0,13,88,0.15,0,0,0,1,0,7,3,0,1,0.04,0,1,0,2,1,0,0,0,0,0.11,0.09,0,1,1,1,0,0,1,0
web3rpcs,npm,49,16,2,5,5,1086,8,0.56,1,0,24,18,10,23,14,1,1,0.45,1,3,6,7,1,1,0,0,0,0.91,0.59,1,0,1,1,0,1,1,1
pkg-9409-helper,pypi,1937,139,1,2,0,304,89,0.42,1,0,8,4,2,13,13,0,1,0.37,1,0,0,3,1,1,0,0,1,0.42,0.17,1,1,0,1,0,0,1,0
transformers,pypi,510323,2339,0,14,1,42,30,0.05,0,0,1,1,0,1,5,0,1,0.05,0,0,0,2,1,0,0,0,0,0.03,0.04,0,0,1,1,1,0,0,0
luxon,npm,690574,1626,1,18,2,224,89,0.23,0,0,2,0,0,11,1,0,0,0.09,0,0,1,1,0,0,0,0,0,0.11,0.14,0,0,0,1,1,0,0,0
colorama,pypi,4040791,3208,0,15,0,107,23,0.21,0,0,0,0,0,5,0,0,0,0.05,0,1,0,0,0,0,0,0,0,0.02,0.04,0,0,1,1,1,0,1,0
pkg-8203-util,pypi,358,133,0,8,0,268,61,0.34,0,1,2,0,1,18,17,0,0,0.39,0,3,2,4,1,1,0,0,0,0.17,0.13,1,1,1,0,1,0,0,0
bsee-shared-hmd,npm,449,35,1,4,5,166,70,0.65,0,1,12,5,2,55,40,1,1,0.6,1,5,3,10,1,1,1,0,0,0.66,0.8,0,0,0,0,0,0,1,1
zod,npm,3180534,3044,0,13,1,114,81,0.08,0,1,2,0,0,8,2,0,1,0.04,0,0,1,1,0,0,0,0,0,0.03,0.01,0,0,0,1,1,0,1,0
pkg-5468-lib,pypi,2723,71,0,3,2,415,12,0.46,0,1,4,3,3,2,10,1,0,0.17,0,0,2,5,1,0,0,0,0,0.37,0.45,1,1,0,1,1,0,1,0
com.unity.rpc,npm,230,17,1,5,3,1017,48,0.93,1,1,10,16,5,51,38,1,1,0.5,1,8,4,11,1,0,1,0,1,0.94,0.66,1,1,0,0,0,1,0,1
loguru,pypi,4784728,1804,0,13,0,31,80,0.21,0,0,1,2,0,9,5,0,0,0.09,0,1,1,2,1,0,0,0,0,0.11,0.14,0,0,1,1,1,0,0,0
pkg-3969-util,pypi,1128,104,0,3,3,333,94,0.53,1,1,7,5,3,6,11,0,0,0.23,0,3,1,3,0,0,0,0,0,0.17,0.22,0,1,1,0,1,0,0,0
virtualenv,pypi,3887101,1012,0,25,0,17,51,0.16,1,0,0,0,0,5,1,0,0,0.13,0,0,0,0,0,0,0,0,0,0.09,0.03,0,0,1,1,0,0,0,0
supervot5,npm,244,43,2,5,2,581,73,0.87,1,0,24,10,2,11,15,1,1,0.7,1,8,3,14,1,1,1,1,1,0.27,0.83,0,1,1,1,0,1,1,1
daumu,npm,427,39,0,1,4,582,52,0.87,1,0,20,7,2,27,37,1,0,0.86,0,2,3,8,0,0,0,1,0,0.88,0.71,1,1,1,1,0,1,0,1
gunicorn,pypi,2469190,2899,1,17,0,152,62,0.18,1,0,2,2,0,8,1,0,0,0.04,0,0,0,0,0,0,0,0,0,0.07,0.03,0,0,1,1,0,0,0,0
sequelize,npm,2157376,499,0,20,0,18,42,0.23,0,0,2,2,0,11,5,0,0,0.05,1,0,0,1,0,0,0,0,0,0.02,0.13,0,0,0,1,1,0,0,0
webt00n,pypi,773,35,2,1,2,765,18,0.9,0,1,17,18,3,32,20,1,0,0.63,0,7,5,4,1,1,0,0,1,0.45,0.64,0,0,0,0,1,0,1,1
jito-components,npm,57,8,1,2,2,481,41,0.97,1,1,20,11,2,24,17,1,0,0.78,0,8,2,6,0,1,1,0,1,0.18,0.82,0,0,0,0,1,1,1,1
@react-native-aria/separator,npm,2738,459,1,2,3,162,23,0.93,1,0,8,2,2,55,38,1,1,0.67,1,2,5,11,1,1,1,0,0,0.27,0.74,0,0,0,1,1,1,1,1
zustand,npm,580414,538,1,24,0,187,56,0.05,0,0,0,0,0,9,0,0,1,0.02,0,0,0,2,0,0,0,0,0,0.08,0.02,0,0,1,1,1,0,1,0
uvicorn,pypi,1196983,483,0,15,0,81,111,0.18,0,1,0,1,0,2,6,0,0,0.16,0,0,0,0,0,0,0,0,0,0.04,0.06,0,0,0,1,0,0,0,0
socket.io,npm,4369647,3343,1,17,0,80,84,0.13,1,0,2,1,0,12,6,0,0,0.18,0,0,0,0,0,0,0,0,0,0.05,0.01,0,0,0,1,1,0,0,0
pkg-2096-lib,pypi,5129,94,0,5,3,150,58,0.37,1,0,6,5,2,21,14,0,0,0.31,1,2,2,1,1,1,0,0,0,0.26,0.25,0,1,0,1,1,1,1,0
atlasctf-21-prod-20,pypi,120,9,0,0,3,1158,14,0.55,1,1,18,13,11,55,39,1,1,0.84,1,6,1,17,1,1,1,0,1,0.45,0.52,0,1,0,0,0,0,1,1
pkg-4130-helper,pypi,586,117,1,4,2,111,77,0.31,0,0,5,1,1,11,9,1,1,0.15,1,2,1,5,1,0,0,0,1,0.23,0.29,0,1,1,1,0,1,1,1
typescript,npm,3680756,3472,1,6,0,205,78,0.16,0,1,0,2,0,1,1,0,0,0.16,0,0,0,1,0,0,0,0,0,0.09,0.01,0,0,1,1,1,0,0,0
wheel,pypi,2372289,1619,1,15,1,198,83,0.02,1,0,1,0,0,3,5,0,1,0.04,1,1,0,2,0,0,0,0,0,0.04,0.01,0,0,1,1,1,0,0,0
uuid,npm,1649273,3211,2,3,0,190,109,0.15,0,0,1,0,0,0,0,0,1,0.03,0,0,1,2,0,0,0,0,0,0.07,0.15,0,0,1,1,1,0,0,0
textlocal-messenger,npm,90,22,2,0,1,789,2,0.79,1,1,14,8,4,26,22,1,1,0.81,1,2,2,10,0,0,1,0,0,0.58,0.6,1,1,0,0,0,0,1,1
pkg-5284-lib,pypi,3683,114,1,5,2,316,50,0.23,0,1,4,4,1,5,17,1,1,0.16,0,2,2,5,0,1,0,0,1,0.39,0.26,1,1,1,0,0,0,1,1
antibyfron,pypi,187,9,1,0,4,1077,34,0.85,1,1,14,2,3,11,39,0,0,0.97,1,4,2,16,1,0,0,0,0,0.16,0.36,1,1,1,0,1,1,0,1
js-prettier,npm,311,1,1,1,1,1130,31,0.85,1,1,11,12,5,32,34,1,1,0.59,1,7,1,17,1,0,1,0,1,0.19,0.82,1,1,0,0,1,1,0,1
node-buildpack-test-app,npm,534,29,2,1,2,197,16,0.86,1,0,10,7,7,14,11,0,1,0.74,0,6,1,5,1,1,0,0,1,0.9,0.48,0,1,0,1,0,0,1,1
chimera-sandbox-extensions,pypi,507,29,0,1,5,735,24,0.52,1,1,25,3,6,23,5,1,0,0.98,1,5,6,14,1,0,1,0,1,0.71,0.86,1,1,0,0,0,0,1,1
pkg-6775-lib,npm,2692,149,0,2,0,114,100,0.45,1,0,1,4,1,22,17,1,0,0.28,1,3,1,4,1,1,0,0,0,0.38,0.3,1,1,1,0,0,0,1,0
sylexnaranjoo,pypi,568,9,1,3,4,506,78,0.78,1,0,13,11,4,35,42,1,1,0.68,1,8,7,7,1,0,1,0,0,0.8,0.74,1,1,0,0,0,0,0,1
aiohttp,pypi,2343179,2061,0,20,0,247,60,0.05,0,0,2,0,0,9,6,1,0,0.17,0,0,0,0,0,0,0,0,0,0.03,0.0,0,0,1,1,1,0,0,0
pkg-9944-lib,pypi,4064,37,0,8,0,326,10,0.28,0,1,3,5,3,2,12,0,0,0.16,1,0,1,1,1,0,0,0,0,0.17,0.27,1,0,0,0,1,0,0,1
orbit-boxicons,npm,3557,130,2,5,4,182,0,0.77,1,0,4,18,12,25,39,1,0,0.72,1,2,1,5,1,0,0,0,1,0.57,0.79,1,1,0,0,1,1,1,1
babel,npm,3621844,2215,0,5,1,136,115,0.06,0,0,0,0,0,12,5,0,0,0.08,0,0,0,1,0,0,0,0,0,0.06,0.04,0,0,1,1,1,0,0,0
blank-hacker,npm,89,18,2,1,4,926,43,0.51,1,1,19,8,6,24,26,1,1,0.82,1,8,0,18,0,0,0,1,1,0.59,0.37,1,1,1,0,0,1,0,1
@alexcolls/nuxt-ux,npm,3035,473,2,2,2,390,16,0.98,0,1,4,16,8,39,39,0,1,0.92,1,3,7,16,1,1,0,0,0,0.86,0.4,1,1,0,0,0,0,1,1
gear-idea-common,npm,28,27,0,3,5,915,30,0.69,0,1,11,2,6,14,26,1,0,0.47,1,2,7,16,1,0,0,0,1,0.32,0.31,1,1,0,0,0,1,0,1
pkg-8446-core,npm,4028,46,0,7,0,353,96,0.25,0,0,2,3,0,3,15,0,1,0.16,1,1,2,4,0,1,1,0,0,0.41,0.16,1,0,1,1,0,0,0,1
pkg-3365-util,pypi,2131,123,1,5,0,137,8,0.21,1,0,4,1,0,4,9,1,0,0.27,1,3,0,5,1,1,0,0,0,0.17,0.25,1,0,1,0,1,1,1,1
pkg-5963-helper,npm,2275,113,1,9,1,216,87,0.25,1,1,7,3,1,18,16,0,1,0.44,0,0,1,1,1,0,0,0,0,0.2,0.37,0,0,1,1,1,0,0,0
cors,npm,4233733,2218,0,17,0,27,40,0.18,0,0,1,0,0,5,0,0,1,0.16,0,0,0,0,0,0,0,0,0,0.07,0.11,0,0,0,1,0,0,0,0
ioredis,npm,1791194,960,0,4,2,51,103,0.19,0,0,1,2,0,1,6,0,0,0.05,0,0,0,0,0,0,0,0,0,0.0,0.04,0,0,1,1,1,0,0,0
pkg-2791-util,npm,461,119,0,3,0,163,60,0.42,1,0,8,4,0,18,7,0,1,0.14,0,1,1,2,0,1,0,0,0,0.42,0.12,1,0,1,0,0,0,0,1
pkg-2633-core,npm,5093,59,1,9,3,441,62,0.53,0,1,4,2,1,9,16,0,1,0.13,0,3,2,5,0,0,1,0,1,0.21,0.28,1,0,1,1,0,1,0,0
pkg-9486-helper,npm,3139,49,0,2,2,110,33,0.23,0,1,5,3,1,4,12,1,1,0.39,1,3,2,3,0,1,0,0,0,0.34,0.41,1,1,0,1,0,0,1,0
rxjs,npm,695422,577,0,16,0,126,27,0.12,0,1,1,2,0,8,4,1,1,0.11,0,0,0,2,0,0,0,0,0,0.1,0.02,0,0,1,1,1,0,1,0
express,npm,3901653,2188,1,16,1,170,115,0.03,0,0,0,0,0,4,6,0,0,0.12,0,0,0,0,0,0,0,0,0,0.04,0.04,0,0,1,1,1,0,0,0
commander,npm,4339591,3122,2,7,1,180,52,0.2,0,0,1,0,0,4,1,0,1,0.04,0,0,0,1,0,0,0,0,0,0.11,0.13,0,0,1,1,1,0,0,0
jinja2,pypi,4115218,591,1,14,2,151,110,0.08,0,1,0,0,0,2,2,1,0,0.06,1,1,1,1,0,0,0,0,0,0.07,0.04,0,1,1,1,1,0,0,0
pkg-1774-lib,pypi,874,114,1,9,1,231,89,0.52,0,1,6,3,1,20,13,1,1,0.47,1,1,2,3,1,1,0,0,0,0.31,0.41,1,1,1,1,0,0,1,0
mocha,npm,3228554,2101,1,22,1,30,43,0.17,0,0,2,1,0,9,1,0,0,0.0,0,1,0,1,0,0,0,0,0,0.08,0.04,0,0,1,0,0,0,0,0
pkg-9699-lib,npm,4231,98,1,8,0,53,41,0.31,0,0,2,2,0,5,9,1,1,0.44,0,1,2,0,0,0,0,0,0,0.39,0.29,0,1,1,0,1,0,1,0
pkg-6597-helper,npm,1836,121,0,8,0,296,74,0.21,0,0,5,4,1,9,11,1,0,0.24,1,3,2,5,1,0,1,0,0,0.36,0.34,0,0,1,0,0,0,0,0
nuxt,npm,2082958,2929,1,9,1,185,100,0.21,1,1,0,0,0,9,5,0,0,0.02,0,0,0,0,0,0,0,0,0,0.05,0.09,0,0,1,1,0,0,1,0
pkg-1890-util,npm,2363,47,1,3,2,329,66,0.44,0,0,1,5,1,18,5,1,0,0.2,0,2,2,2,0,1,1,0,1,0.17,0.12,0,0,0,0,0,0,1,1
ramda,npm,818366,3464,2,8,2,47,5,0.12,0,0,1,2,0,10,1,0,1,0.17,0,0,0,0,0,0,0,0,0,0.04,0.0,0,0,1,1,1,0,0,0
argon2-cffi,pypi,3620815,750,0,25,1,129,97,0.05,0,1,3,2,0,9,3,1,0,0.09,0,0,0,1,0,0,0,0,0,0.07,0.05,0,0,1,1,1,0,1,0
codat-snippets,npm,310,14,1,1,1,916,4,0.89,0,1,20,2,8,40,14,1,1,0.94,1,5,2,5,1,1,0,0,1,0.18,0.48,1,0,0,0,0,1,1,1
logic2,pypi,772,42,1,2,3,247,42,0.64,1,1,16,16,7,29,16,1,1,0.71,1,1,6,4,1,1,0,0,1,0.23,0.44,1,1,1,1,0,1,1,1
faker,pypi,2654965,3218,1,7,1,223,118,0.17,0,0,0,0,0,0,1,0,0,0.08,0,0,0,0,0,0,0,0,0,0.0,0.05,0,1,1,1,0,0,0,0
pkg-5017-lib,pypi,4710,94,0,4,0,442,94,0.45,1,1,8,5,1,7,11,1,0,0.29,1,1,2,5,1,1,1,0,1,0.43,0.15,1,1,1,1,0,0,1,1
axios,npm,1156627,1016,0,15,0,146,62,0.03,0,1,1,1,0,8,5,1,0,0.0,0,0,0,0,0,0,0,0,0,0.01,0.1,0,0,1,1,0,0,0,0
immer,npm,2276571,3438,0,23,0,215,26,0.14,0,0,3,2,0,5,2,0,1,0.13,0,1,0,0,0,0,0,0,0,0.08,0.0,0,0,1,1,1,0,0,0
morgan,npm,3020289,537,0,19,1,144,82,0.04,0,0,0,0,0,1,2,0,0,0.06,0,0,0,2,0,0,0,0,0,0.02,0.09,0,0,0,1,1,0,0,0
nerd4node,npm,39,25,1,6,5,249,76,1.0,0,0,5,5,7,36,29,0,1,0.58,1,3,0,11,1,1,0,0,1,0.63,0.3,0,0,0,0,0,1,0,1
twilio-realtime,npm,286,36,1,1,3,741,26,0.85,1,1,19,13,9,54,22,1,0,0.75,1,6,5,6,1,0,1,0,1,0.89,0.67,1,1,0,0,0,1,1,1
pkg-5467-util,pypi,1846,24,1,4,2,176,64,0.41,1,0,4,1,0,12,8,0,1,0.38,1,3,2,4,1,1,0,0,1,0.1,0.22,1,1,0,1,1,0,0,1
esqtoolvisaram,pypi,741,37,2,1,4,983,24,0.55,1,1,17,15,8,54,8,0,0,0.66,1,1,3,8,0,1,1,0,1,0.3,0.53,0,1,0,0,0,0,0,1
pkg-7236-helper,pypi,3263,119,0,6,3,211,51,0.48,1,1,6,1,2,10,18,0,1,0.22,0,3,2,0,1,0,0,0,0,0.38,0.14,0,0,1,0,0,0,0,1
pkg-5956-helper,pypi,5525,28,1,4,3,138,49,0.22,0,1,7,1,3,16,13,1,1,0.17,1,3,2,2,0,0,0,0,0,0.25,0.27,1,0,0,0,0,1,1,0
symphony-data-map,npm,461,16,1,0,1,744,49,0.93,1,1,9,12,10,54,25,1,0,0.71,1,7,4,17,0,0,1,1,0,0.32,0.45,0,1,1,1,0,1,0,1
tailwindcss-animate-ui,npm,323,9,1,2,1,658,70,0.8,1,0,25,11,4,41,43,1,1,0.66,0,3,7,14,0,0,1,0,1,0.86,0.21,1,1,0,1,1,1,1,1
glob,npm,651084,2868,0,19,0,115,84,0.14,0,0,1,1,0,9,4,1,0,0.16,1,0,1,1,0,0,0,0,0,0.08,0.12,0,0,1,0,0,0,1,0
fluro-ui,npm,447,2,2,0,3,1029,73,0.7,1,1,7,14,1,28,15,1,1,0.94,0,6,1,9,1,1,1,0,1,0.85,0.74,0,1,0,0,0,1,1,1
mypy,pypi,595030,2062,0,14,1,7,21,0.1,0,0,0,0,0,2,4,1,1,0.13,0,0,0,0,0,0,0,0,0,0.05,0.11,0,0,1,0,1,0,1,0
pkg-7060-core,pypi,2775,132,0,10,2,435,17,0.28,1,1,1,4,3,11,11,1,1,0.39,0,0,2,5,0,1,1,0,0,0.3,0.32,0,1,1,0,0,1,1,0
testwaseempoi,npm,601,10,0,6,5,897,9,0.69,1,0,14,11,6,16,15,1,1,0.96,1,2,5,9,1,1,0,1,1,0.74,0.41,0,0,1,0,0,1,1,1
pkg-8624-lib,npm,4750,36,1,6,1,309,32,0.24,1,0,7,5,3,12,11,0,0,0.14,1,3,0,2,1,0,0,0,0,0.16,0.21,1,0,0,1,0,0,1,0
pkg-1281-helper,npm,701,45,1,4,0,438,64,0.39,1,0,3,4,1,9,1,1,0,0.4,0,0,1,1,0,0,0,0,0,0.4,0.18,1,1,1,0,1,0,0,0
http-helmet,npm,175,34,2,1,2,214,73,0.97,0,1,4,16,6,34,14,1,1,0.56,1,0,2,18,0,1,1,1,1,0.45,0.89,1,1,0,0,1,0,0,1
pkg-2137-helper,npm,2871,136,0,2,3,259,47,0.21,1,0,3,5,0,21,12,1,0,0.3,0,3,0,0,0,1,0,0,1,0.28,0.36,0,0,1,1,1,1,1,1
numpy,pypi,1710659,2258,2,24,1,75,25,0.02,0,0,0,1,0,9,6,0,1,0.16,0,0,0,1,0,0,0,0,0,0.09,0.04,0,0,1,1,0,0,1,0
rollup,npm,4436360,1499,1,11,0,34,12,0.14,0,0,0,1,0,12,0,0,1,0.17,0,0,1,0,0,0,0,0,0,0.0,0.01,0,0,1,1,1,0,0,0
tpmasklibsplit,pypi,708,41,1,0,3,397,72,0.89,1,1,25,13,2,40,26,0,1,0.89,0,6,5,16,1,0,1,0,1,0.57,0.67,1,1,1,1,0,1,0,1
bull,npm,1254907,3385,2,7,0,42,49,0.12,0,0,0,2,0,6,5,0,0,0.02,0,0,0,0,0,0,0,0,0,0.06,0.07,0,0,0,1,1,0,0,0
defi-wallet,npm,455,9,0,6,3,400,5,0.97,0,1,22,15,12,33,36,0,1,0.81,1,5,3,7,1,1,1,0,0,0.64,0.64,1,1,1,1,1,0,0,1
pkg-2991-core,pypi,3157,32,1,6,3,212,91,0.3,0,1,3,2,2,15,1,1,1,0.23,0,0,1,5,0,1,0,0,0,0.13,0.13,0,1,1,1,1,1,0,0
aws-sdk,npm,3718792,2779,0,5,1,22,24,0.03,0,0,0,0,0,2,4,0,0,0.09,0,0,0,0,0,0,0,0,0,0.03,0.03,0,0,1,1,0,0,0,0
readycher,pypi,143,38,0,6,2,455,57,0.77,1,1,10,8,11,28,24,1,1,0.83,1,1,0,18,1,0,1,0,1,0.87,0.9,0,1,0,0,0,0,1,1
cypress,npm,4792164,1793,0,20,1,55,9,0.19,1,1,0,1,0,10,6,0,0,0.03,0,0,0,0,0,0,0,0,0,0.1,0.1,0,0,0,1,0,0,0,0
pkg-8099-core,npm,653,35,1,10,2,144,57,0.24,1,0,5,2,1,15,1,1,0,0.33,1,2,2,1,1,0,1,0,0,0.39,0.44,1,0,1,0,1,0,0,0
elf-stats-mulled-wishlist-789,npm,621,13,1,6,3,877,41,0.84,1,1,6,14,10,26,34,1,0,0.79,1,6,6,4,0,0,1,0,1,0.4,0.41,1,1,0,1,0,1,1,1
pyjwt,pypi,1017605,368,1,23,0,54,90,0.12,0,0,2,2,0,5,2,1,0,0.1,0,0,0,0,0,0,0,0,0,0.07,0.04,0,1,1,1,0,0,0,0
pkg-2512-helper,npm,167,140,0,2,1,189,51,0.44,1,0,1,1,2,12,4,0,0,0.48,0,1,0,3,1,0,0,0,1,0.2,0.39,0,1,0,0,1,1,0,1
lxml,pypi,4218011,1453,2,10,1,243,20,0.08,0,1,1,0,0,11,1,1,0,0.04,0,1,1,0,0,0,0,0,0,0.06,0.1,0,0,1,1,1,0,0,0
scipy,pypi,4661223,2868,0,12,1,109,57,0.04,1,0,0,1,0,8,1,0,1,0.17,1,0,0,0,0,0,0,0,0,0.12,0.09,0,0,1,1,0,0,0,0
aligntrue,npm,279,9,0,4,5,640,31,0.53,1,1,5,5,7,29,35,0,1,0.86,0,8,2,15,1,1,1,0,1,0.41,0.67,0,1,0,0,1,0,0,1
pkg-5765-helper,npm,1020,74,1,10,2,150,53,0.49,0,0,7,5,0,4,8,1,0,0.43,0,3,2,4,1,1,0,0,0,0.39,0.2,0,1,0,1,0,1,1,0
elf-stats-mulled-nightcap-782,npm,111,28,1,2,3,975,46,0.52,0,1,15,11,2,32,37,1,1,0.6,0,2,1,14,1,1,1,0,0,0.31,0.57,1,0,0,0,0,1,1,1
setup-helper-module,npm,183,29,0,3,2,954,22,0.82,0,1,21,15,4,47,11,1,1,0.59,0,1,1,10,1,0,1,0,1,0.66,0.87,1,1,0,0,0,1,1,1
jimp,npm,3494387,3491,1,12,0,211,93,0.24,0,0,0,2,0,9,0,0,0,0.05,1,0,0,1,0,0,0,0,0,0.01,0.06,0,0,1,1,0,0,1,0
pkg-2597-util,pypi,1727,64,0,5,0,415,27,0.27,0,0,3,2,3,3,15,0,0,0.13,0,2,2,2,1,0,1,0,0,0.39,0.16,1,0,0,1,0,0,1,0
httpx,pypi,3716650,1587,2,6,2,127,115,0.03,1,0,1,0,0,6,4,0,1,0.06,0,0,1,2,0,0,0,0,0,0.07,0.03,0,0,1,1,1,0,1,0
@fastifyv4/fastifyv4,npm,646,43,0,5,5,789,78,0.53,1,0,19,16,9,38,41,1,1,0.64,1,4,2,3,1,1,1,0,1,0.78,0.39,1,1,0,0,0,1,1,1
elf-stats-ginger-ledger-106,npm,426,30,0,4,4,781,2,0.7,0,1,22,4,1,35,27,0,1,0.98,0,7,0,11,1,0,0,1,1,0.94,0.48,1,1,0,0,0,0,0,1
selfpaypalcontrolsuper,pypi,32,32,1,5,3,1139,31,0.9,1,1,18,4,12,11,15,1,1,0.71,1,5,2,12,1,1,1,0,1,0.25,0.47,1,0,0,0,1,0,1,1
pkg-9497-core,npm,5730,32,0,3,1,98,11,0.51,1,0,2,4,0,10,8,1,1,0.26,0,2,1,1,0,0,0,0,1,0.2,0.31,0,0,0,1,1,0,0,1
jsonschema,pypi,2851572,1167,2,21,1,187,114,0.24,1,1,0,1,0,4,2,0,1,0.09,0,0,0,1,1,0,0,0,0,0.02,0.12,0,0,1,1,0,0,0,0
celery,pypi,2047710,763,0,4,0,84,74,0.12,0,0,2,2,0,12,1,0,1,0.06,0,0,0,0,1,0,0,0,0,0.07,0.1,0,0,1,0,1,0,0,0
starter-assets-sass,npm,522,18,2,6,4,1117,31,0.73,1,1,10,18,12,16,9,1,1,0.63,1,0,4,11,1,1,1,1,0,0.51,0.55,1,1,1,0,0,1,0,1
passlib,pypi,2053216,428,1,25,0,165,69,0.05,0,0,2,1,0,1,4,1,0,0.0,0,0,0,1,0,0,0,0,0,0.02,0.1,0,0,1,1,0,0,0,0
py-intelpepsplit,pypi,643,30,1,3,4,264,66,0.65,1,0,10,12,6,12,14,1,0,0.63,1,8,2,14,0,1,0,0,1,0.84,0.71,1,1,0,1,0,1,1,1
ws,npm,4752668,865,0,16,0,202,116,0.19,0,1,3,1,0,10,5,0,0,0.12,0,0,0,1,0,0,0,0,0,0.11,0.05,0,0,1,1,0,0,0,0
pkg-1004-util,npm,241,90,0,6,3,235,98,0.4,0,0,1,2,1,22,7,1,1,0.15,1,0,1,0,0,1,0,0,0,0.26,0.43,0,0,0,1,0,0,0,0
underscore,npm,246593,688,0,18,0,158,95,0.1,0,1,1,1,0,10,5,1,0,0.07,1,0,0,0,1,0,0,0,0,0.01,0.05,0,0,1,1,1,0,0,0
pkg-4632-helper,npm,3173,112,1,10,0,352,81,0.46,0,0,3,3,1,3,7,1,1,0.15,1,1,1,1,1,1,0,0,1,0.39,0.11,1,0,0,1,0,1,0,0
werkzeug,pypi,4620464,1244,0,15,2,236,20,0.11,0,0,3,1,0,11,1,0,0,0.11,0,0,0,1,1,0,0,0,0,0.07,0.06,0,0,1,1,0,0,0,0
pkg-4909-lib,pypi,3375,30,1,9,3,333,71,0.21,1,1,1,1,1,2,11,0,1,0.45,0,3,1,2,1,1,0,0,0,0.26,0.12,1,1,0,0,1,1,1,0
pkg-8552-util,npm,2120,24,1,4,2,54,65,0.43,1,1,5,0,0,13,14,0,0,0.26,1,2,0,3,1,1,0,0,0,0.33,0.36,1,0,1,0,1,0,1,0
sqlalchemy,pypi,3263751,3277,2,19,0,132,66,0.13,0,0,2,1,0,11,3,1,1,0.1,1,0,0,0,0,0,0,0,0,0.05,0.04,0,0,1,1,0,0,1,0
opencv-python,pypi,2285458,1047,0,3,0,151,27,0.16,0,1,1,2,0,11,5,0,1,0.15,0,0,1,0,0,0,0,0,0,0.03,0.08,0,0,1,1,1,0,0,0
soybean-admin-tab,npm,483,2,1,1,5,583,26,0.77,1,1,23,6,12,52,6,1,1,0.93,0,4,2,3,1,0,1,0,0,0.52,0.88,0,1,0,0,0,0,1,1
solana-pump-test,npm,362,34,0,5,3,658,36,0.55,1,0,21,7,8,28,27,1,1,0.59,1,7,3,9,1,0,1,0,0,0.31,0.38,1,1,0,0,0,0,1,1
SentinelOne,pypi,287,15,1,2,4,431,11,0.86,1,1,11,6,7,27,43,1,1,0.74,1,2,3,6,1,1,1,0,1,0.95,0.9,0,1,0,0,0,0,1,1
pkg-4453-util,pypi,1312,29,0,9,3,98,7,0.37,0,1,5,4,3,11,3,0,1,0.43,1,3,0,3,1,1,0,0,0,0.17,0.16,1,0,1,0,1,0,1,1
@meneprojects/body-parsers,npm,248,24,2,4,4,513,60,0.79,1,1,9,10,12,52,10,1,0,0.65,1,3,3,9,1,0,1,1,1,0.17,0.76,1,0,1,0,0,1,0,1
pkg-4768-helper,npm,2381,51,1,8,1,419,39,0.5,0,0,7,0,0,19,5,0,1,0.19,1,2,1,4,0,1,0,0,0,0.17,0.19,1,1,1,1,0,0,1,0
lubridate,npm,255,23,2,4,1,762,33,0.91,1,0,16,16,9,55,40,1,0,0.69,1,1,0,3,0,0,0,1,1,0.7,0.88,0,1,0,0,0,0,1,1
pkg-3367-util,pypi,1529,123,0,5,2,220,56,0.3,1,0,7,4,3,2,8,0,1,0.38,0,3,2,2,1,1,0,0,0,0.25,0.26,1,0,1,1,1,0,1,1
tqdm,pypi,2958516,1642,1,16,1,200,42,0.05,0,0,1,1,0,2,4,0,1,0.07,0,0,1,0,0,0,0,0,0,0.1,0.02,0,0,0,1,1,0,0,0
ora,npm,3626078,1046,1,9,0,191,86,0.06,0,0,0,0,0,4,2,0,1,0.16,0,1,0,0,0,0,0,0,0,0.06,0.13,0,0,1,1,0,0,1,0
pkg-3661-core,npm,2721,34,1,8,3,118,58,0.37,0,1,6,0,2,9,16,1,1,0.33,1,3,0,2,0,0,0,0,0,0.31,0.31,0,0,0,0,0,0,1,0
karemm3,npm,557,35,2,5,2,899,50,0.61,1,1,18,18,9,13,30,1,1,0.46,1,2,2,16,0,0,1,0,1,0.74,0.88,0,1,1,0,0,1,1,1
pkg-6532-util,npm,244,26,0,2,0,205,26,0.47,0,0,4,3,0,16,18,1,0,0.4,0,1,1,2,1,0,1,0,1,0.2,0.2,0,0,0,1,1,1,0,1
apple-psh,npm,119,26,0,5,5,1096,52,0.53,1,1,24,16,1,21,22,1,1,0.68,1,1,0,9,1,0,1,0,1,0.48,0.36,0,1,0,0,1,1,1,1
chart.js,npm,3744773,2973,2,5,1,105,24,0.13,1,1,2,0,0,10,2,1,0,0.13,0,0,0,0,0,0,0,0,0,0.03,0.05,0,0,0,1,1,0,0,0
requstsssq,pypi,11,7,1,1,5,602,57,0.69,1,1,15,2,8,14,23,1,0,0.51,1,5,4,12,1,0,1,1,1,0.53,0.52,1,1,0,0,0,0,1,1
unused-imports,npm,624,13,1,6,5,563,45,0.85,1,1,5,17,4,52,35,1,0,0.45,0,1,7,6,0,1,0,0,1,0.67,0.53,1,1,1,0,0,0,0,1
boto3,pypi,1854300,470,2,11,2,164,47,0.03,0,0,1,2,0,7,0,0,1,0.17,1,0,0,2,0,0,0,0,0,0.04,0.1,0,0,1,1,1,0,0,0
pkg-1817-lib,npm,3018,92,0,3,2,113,98,0.27,0,1,4,0,3,13,8,1,1,0.26,0,2,1,4,1,0,1,0,0,0.34,0.21,0,0,1,0,1,0,1,0
pkg-7874-util,npm,2744,117,0,8,2,47,60,0.48,0,0,3,1,0,2,13,1,0,0.22,0,0,1,3,0,1,1,0,0,0.18,0.27,1,1,1,0,1,0,1,1
sort-class-members,npm,763,20,2,6,3,911,33,0.79,1,0,19,3,11,45,42,0,1,0.92,0,6,4,15,0,0,0,0,1,0.48,0.61,1,1,0,0,0,1,1,1
