package_name,version,ecosystem,downloads_count,age_days,maintainers_count,dependencies_count,version_major,version_minor,version_patch,is_prerelease,base64_imports,base64_decode_calls,base64_encoded_strings,fernet_usage,aes_usage,rsa_usage,crypto_imports,http_requests,socket_usage,dns_lookups,external_urls_count,ip_addresses_hardcoded,suspicious_domains,file_read_operations,file_write_operations,file_delete_operations,temp_file_usage,sensitive_paths_accessed,eval_calls,exec_calls,subprocess_calls,os_system_calls,shell_commands,obfuscation_score,minified_code,hex_encoded_strings,unicode_obfuscation,string_concatenation_abuse,env_var_access,credential_patterns,token_patterns,password_patterns,api_key_patterns,keylogger_patterns,screenshot_capture,clipboard_access,webcam_access,microphone_access,reverse_shell_patterns,backdoor_patterns,c2_server_patterns,startup_modification,cron_job_creation,registry_modification,has_readme,has_license,has_tests,has_changelog,documentation_score,author_account_age_days,author_other_packages,author_verified,author_email_disposable,typosquatting_score,name_similarity_to_popular,known_vulnerability_count,cve_references,is_malicious
prisma,5.12.23,npm,5067911,3918,11,3,5,12,23,1,1,0,1,0,1,0,2,0,0,0,2,0,0,3,3,0,1,0,0,0,1,0,0,0.01,1,0,0,0,1,0,0,0,0,0,0,0,0,0,0,0,0,0,0,0,1,0,0,0,0.81,2967,39,0,0,0.05,0.15,1,0,0
@actbase/react-absolute,1.0.20,npm,126,25,1,5,1,0,20,0,4,6,15,1,1,0,2,8,0,2,15,1,4,18,24,10,0,2,6,0,9,5,1,0.61,1,6,0,19,1,8,8,3,2,0,0,0,0,0,1,1,1,0,0,0,1,1,0,1,0.1,51,2,0,1,0.32,0.65,3,1,1
jasmine,1.13.44,npm,2872741,770,13,19,1,13,44,0,1,0,2,0,0,0,2,0,0,1,1,0,0,3,4,0,0,0,0,0,1,1,1,0.1,1,0,0,1,1,0,0,0,0,0,0,1,0,0,0,0,0,0,0,0,1,1,1,1,0.79,2838,16,0,0,0.05,0.06,0,0,0
@cryptochords/shared,1.14.40,npm,3,2,1,3,1,14,40,0,1,5,6,1,0,1,2,16,1,2,4,5,4,17,14,2,1,4,1,4,5,4,8,0.93,1,8,1,4,1,6,6,1,7,0,0,1,1,0,1,0,1,1,0,0,0,0,0,1,0.29,16,1,0,1,0.43,0.49,4,3,1
derkpy,5.19.1,pypi,146,15,1,2,5,19,1,1,3,15,9,1,0,1,2,8,1,5,9,2,3,18,26,3,1,3,5,8,1,2,2,0.54,1,4,1,15,0,3,7,5,2,0,1,1,0,0,1,1,0,0,0,0,0,0,1,0,0.12,47,2,0,0,0.48,0.78,3,2,1
csurf,0.4.47,npm,6018855,801,16,13,0,4,47,1,0,0,2,0,0,0,2,0,1,0,2,0,0,9,1,0,0,0,0,0,1,0,0,0.02,0,0,0,0,0,0,0,0,0,0,0,0,0,0,0,0,0,0,0,0,1,1,1,1,0.72,1116,15,1,0,0.02,0.1,0,0,0
babel,5.0.41,npm,2766216,2815,11,15,5,0,41,0,0,0,0,0,0,0,0,2,0,1,1,0,0,6,1,0,1,0,1,0,0,0,0,0.01,1,0,0,1,0,0,0,0,0,0,0,1,0,0,0,0,0,0,0,0,1,0,1,1,0.98,531,27,0,0,0.07,0.14,0,0,0
deezcord.js,3.13.20,npm,440,26,1,4,3,13,20,1,2,15,9,1,1,0,2,7,1,0,5,2,8,33,18,6,1,1,7,3,3,2,3,0.96,0,8,1,19,1,10,0,5,7,0,0,0,0,0,0,1,1,1,1,0,0,0,1,1,0.34,15,0,0,1,0.75,0.93,4,2,1
@axaclient-socle-front/webmodule,2.12.21,npm,496,9,1,8,2,12,21,0,5,4,7,1,0,1,5,14,1,5,12,1,6,9,25,5,1,8,7,6,9,2,7,0.73,0,3,0,14,1,0,0,1,4,0,0,1,0,0,0,1,1,0,1,0,0,0,0,0,0.04,55,2,0,1,0.62,0.45,5,3,1
babel-cli,5.0.2,npm,5271,179,15,8,5,0,2,0,1,2,3,0,0,1,1,6,0,0,4,0,0,5,10,0,1,0,3,1,2,0,0,0.2,0,2,0,4,1,1,1,0,0,0,0,0,0,0,0,0,0,0,0,0,1,1,0,0,0.61,1992,45,0,0,0.09,0.27,0,0,0
@cwlib/core,4.9.44,npm,483,4,1,7,4,9,44,0,4,3,11,1,0,0,8,6,0,3,9,0,1,11,5,9,1,2,1,3,2,4,7,0.82,1,12,1,16,1,9,6,2,0,1,1,0,0,0,1,1,0,0,0,0,1,1,0,0,0.0,28,2,0,1,0.55,0.32,2,2,1
js-sha7,5.6.33,npm,73,17,1,4,5,6,33,1,3,4,1,1,1,1,4,6,0,0,4,4,2,35,4,3,0,2,4,7,1,4,8,0.87,1,1,0,11,0,7,2,1,8,0,1,1,1,0,1,0,1,0,0,0,1,1,0,0,0.2,44,2,0,0,0.56,0.5,5,0,1
yargs,1.14.48,npm,7367344,1364,18,22,1,14,48,1,1,0,0,0,1,1,0,2,0,1,2,0,0,6,1,0,0,0,0,0,0,1,1,0.13,0,0,0,0,0,0,0,0,0,0,0,0,0,0,0,0,0,0,0,0,1,1,1,0,0.84,771,46,1,0,0.08,0.11,0,0,0
@airtel-web/legos,2.2.27,npm,320,7,1,6,2,2,27,0,1,6,6,1,1,0,8,17,1,5,11,3,4,22,1,2,0,9,9,0,3,0,5,0.76,1,4,1,16,1,3,1,1,0,0,0,1,1,0,1,1,1,1,0,0,0,0,0,0,0.02,49,1,0,0,0.61,0.42,2,3,1
pillow,3.18.36,pypi,268912,3003,4,20,3,18,36,1,1,2,2,1,0,0,0,3,0,1,2,0,0,2,5,0,1,0,0,0,1,0,1,0.0,0,0,0,0,0,0,0,0,0,0,0,1,0,0,0,0,0,0,0,0,0,0,1,1,0.73,1257,13,1,0,0.03,0.0,1,0,0
wheel,2.13.17,pypi,333652,2697,20,9,2,13,17,0,0,0,2,0,0,0,2,0,0,0,1,0,0,2,3,0,1,0,1,0,0,1,0,0.14,0,1,0,1,0,0,0,0,0,0,0,0,0,0,0,0,0,0,0,0,1,1,0,1,0.9,2126,42,1,0,0.05,0.08,1,0,0
uvicorn,3.15.20,pypi,5642,81,15,26,3,15,20,0,1,1,4,0,0,0,2,5,0,1,5,0,0,16,10,1,1,1,0,1,1,1,1,0.3,0,4,0,4,0,0,0,0,0,0,0,0,0,0,0,0,0,0,0,0,1,1,0,1,0.7,718,16,1,1,0.07,0.12,0,0,0
J3y5r,1.3.25,pypi,191,25,1,8,1,3,25,0,5,14,2,0,0,0,6,18,1,1,11,4,3,22,30,9,1,3,3,6,10,5,5,0.99,1,15,1,20,1,7,0,2,5,1,0,1,0,0,1,1,1,1,1,1,0,0,0,1,0.02,30,0,0,1,0.67,0.72,3,1,1
click,5.1.23,pypi,406586,3551,14,16,5,1,23,1,1,0,0,0,0,0,2,0,0,0,0,0,0,8,1,0,0,0,1,1,0,0,0,0.12,0,1,0,0,0,0,0,0,0,0,0,0,0,0,0,0,0,0,0,0,1,1,1,1,0.96,1822,6,1,0,0.05,0.03,0,0,0
morgan,5.12.34,npm,6500373,3493,6,13,5,12,34,1,0,1,1,0,0,0,0,2,1,1,2,0,0,0,3,1,0,0,0,0,0,1,0,0.03,1,0,0,1,0,0,0,0,0,0,0,0,0,0,0,0,0,0,0,0,1,0,0,0,0.76,453,38,0,0,0.06,0.09,0,0,0
pytorch,3.8.0,pypi,612,43,17,28,3,8,0,1,1,4,1,0,0,0,0,5,1,0,3,0,0,8,4,0,0,0,2,0,0,1,2,0.25,0,1,0,1,0,1,0,0,0,0,0,1,0,0,0,0,0,0,0,0,1,1,1,1,0.93,360,29,0,0,0.13,0.11,0,0,0
passlib,2.4.13,pypi,8899,135,2,20,2,4,13,0,0,1,4,0,0,0,2,7,0,1,4,1,0,7,11,0,1,0,2,1,1,0,2,0.17,0,4,0,2,0,0,0,0,0,0,0,1,0,0,0,0,0,0,0,0,1,1,1,1,0.96,2000,14,1,0,0.2,0.2,0,0,0
flask,1.5.7,pypi,6112194,3478,4,11,1,5,7,0,1,0,1,0,0,1,0,0,0,0,0,0,0,5,4,1,0,0,0,0,2,0,0,0.12,0,1,0,1,1,0,0,0,0,0,0,0,0,0,0,0,0,0,0,0,1,1,1,0,0.83,1265,13,1,0,0.02,0.09,0,0,0
loguru,5.14.18,pypi,9063842,2883,16,17,5,14,18,1,0,2,0,0,0,1,0,0,0,1,2,0,0,6,5,0,0,0,0,1,1,0,1,0.11,0,0,0,1,0,0,0,0,0,0,0,0,0,0,0,0,0,0,0,0,1,1,0,0,0.68,1948,41,0,0,0.03,0.08,0,0,0
artifact-lab-3-package-e46d5661,1.19.6,pypi,90,15,1,1,1,19,6,0,2,14,20,0,1,1,7,19,1,2,15,0,7,16,26,7,1,6,9,1,7,1,5,0.95,1,7,0,11,0,4,3,0,0,1,1,0,0,1,1,0,1,1,0,0,0,0,0,0,0.17,37,1,0,1,0.84,0.59,2,2,1
hapi,1.11.18,npm,9282,124,14,20,1,11,18,0,1,4,5,1,0,0,4,5,0,0,1,0,0,15,5,1,0,1,1,0,3,0,1,0.34,0,3,0,5,0,0,0,0,0,0,0,0,0,0,0,0,0,0,0,0,1,1,1,0,0.54,2852,28,0,0,0.15,0.23,1,0,0
mysql-import,1.10.22,npm,7808,33,4,27,1,10,22,0,1,4,1,0,0,0,2,7,0,1,3,0,0,6,7,0,1,0,1,1,4,0,2,0.35,0,2,0,0,0,0,1,0,0,0,0,0,0,0,0,0,0,0,0,0,1,1,1,1,0.65,2079,4,0,0,0.24,0.3,0,0,0
@com-delta-idp/core,0.0.47,npm,36500,184,1,4,0,0,47,0,3,5,16,1,0,0,4,15,0,0,5,3,6,20,14,1,0,6,3,8,4,3,4,0.47,1,7,0,12,0,7,6,2,8,0,0,0,0,0,0,0,0,0,1,0,0,0,1,0,0.35,36,3,0,0,0.41,0.6,5,2,1
@antstackio/express-graphql-proxy,0.10.13,npm,416,22,1,2,0,10,13,1,1,11,19,1,0,1,8,13,0,3,4,2,7,6,20,1,1,10,6,6,6,3,1,0.8,0,6,0,20,1,2,2,3,8,0,0,1,1,0,0,1,1,1,1,1,1,1,0,0,0.29,58,1,0,0,0.64,0.72,4,3,1
pyopenssl,4.20.17,pypi,8167376,920,6,22,4,20,17,0,1,0,2,1,0,0,2,0,0,1,1,0,0,1,5,0,0,0,0,0,2,0,0,0.06,1,1,0,1,0,0,1,0,0,0,0,0,0,0,0,0,0,0,0,0,1,1,1,1,0.66,2686,42,0,0,0.07,0.13,0,0,0
mysql-import,0.8.22,npm,6783,79,18,28,0,8,22,0,1,1,0,0,0,0,0,4,1,0,3,1,0,17,12,0,0,1,0,0,3,0,3,0.39,1,0,0,0,0,0,1,0,0,0,0,0,0,0,0,0,0,0,0,0,1,1,1,1,0.56,1231,2,0,1,0.23,0.24,0,0,0
scikit-learn,0.5.36,pypi,2974781,2167,9,24,0,5,36,1,1,0,2,0,0,1,1,1,0,0,0,0,0,0,5,0,0,0,0,0,2,0,1,0.01,0,0,0,0,0,0,0,0,0,0,0,1,0,0,0,0,0,0,0,0,0,0,1,0,0.68,1889,45,1,0,0.04,0.04,1,0,0
pyjwt,0.2.17,pypi,594147,419,9,6,0,2,17,1,1,2,0,1,1,0,0,3,0,0,2,0,0,9,0,1,1,0,0,0,0,0,1,0.03,1,1,0,0,0,0,0,0,0,0,0,0,0,0,0,0,0,0,0,0,1,1,1,1,0.69,2536,13,1,0,0.01,0.07,0,0,0
@bs58-utils/wrapper,0.16.8,npm,372,24,1,1,0,16,8,0,1,8,5,1,0,0,3,3,0,0,10,5,6,7,7,2,1,10,7,7,3,2,6,0.9,1,4,0,3,1,10,8,0,0,0,0,1,0,0,1,1,0,0,0,0,0,0,0,0,0.15,22,2,0,1,0.37,0.9,3,0,1
aeodatav04,1.14.35,pypi,361,13,1,5,1,14,35,1,5,3,5,1,0,0,5,14,0,2,5,5,4,8,12,8,1,10,3,2,4,1,3,0.78,1,0,0,12,0,10,3,2,2,1,0,1,0,1,0,0,1,1,0,0,0,0,0,0,0.26,25,1,0,1,0.85,0.96,2,2,1
restify,1.2.33,npm,3714792,3663,8,29,1,2,33,0,0,0,0,0,0,0,0,0,1,1,0,0,0,1,4,0,0,0,0,0,2,0,0,0.12,1,0,0,0,1,0,0,0,0,0,0,1,0,0,0,0,0,0,0,0,0,1,0,1,0.67,1105,25,1,0,0.05,0.04,0,0,0
cypress,5.15.16,npm,9430979,1806,10,5,5,15,16,0,1,1,1,0,1,1,0,2,1,1,2,0,0,5,1,0,1,0,1,0,2,0,1,0.1,0,0,0,0,0,0,0,0,0,0,0,0,0,0,0,0,0,0,0,0,0,1,1,1,0.65,493,13,1,0,0.01,0.07,1,0,0
@actbase/react-native-simple-video,4.2.50,npm,258,5,1,3,4,2,50,1,3,3,11,1,1,0,8,20,0,0,12,2,8,17,29,10,1,10,6,3,1,5,6,0.71,1,3,1,10,1,0,8,2,8,1,0,1,0,0,1,0,1,1,0,0,1,1,0,1,0.21,40,0,0,0,0.7,0.83,5,3,1
@browserbasehq/sdk-functions,2.12.45,npm,9392,153,1,0,2,12,45,0,2,4,16,0,1,0,8,11,0,5,6,3,6,30,14,6,1,0,3,4,7,5,3,0.44,0,1,0,9,1,6,3,4,2,0,0,0,0,0,0,0,0,0,1,0,1,1,0,1,0.37,63,4,0,1,0.12,0.43,5,2,1
assulthimars,1.2.2,pypi,152,30,1,7,1,2,2,0,2,8,6,1,0,0,4,7,1,5,2,4,3,9,12,10,0,7,3,4,9,4,1,0.65,0,3,1,2,1,1,6,3,6,0,1,1,1,0,0,1,1,1,0,0,0,0,1,1,0.04,33,1,0,1,0.65,0.39,0,0,1
dotenv,1.12.33,npm,1507010,2389,5,9,1,12,33,1,1,0,1,0,0,1,0,0,0,1,2,0,0,10,3,0,0,0,0,0,1,0,1,0.15,0,0,0,0,0,0,0,0,0,0,0,1,0,0,0,0,0,0,0,0,1,1,0,0,0.84,370,21,1,0,0.09,0.1,0,0,0
@apachesling/slingpost,1.10.9,npm,372,0,2,4,1,10,9,0,2,8,4,1,0,0,5,10,1,1,12,0,6,7,23,7,0,9,5,7,6,1,7,0.88,1,15,0,7,1,3,0,3,0,0,0,0,0,0,0,0,1,1,0,1,1,1,0,0,0.36,27,1,0,0,0.66,0.86,5,2,1
npm-cli-flag,0.12.50,npm,5158,92,14,23,0,12,50,0,0,2,3,1,1,1,1,3,0,0,5,1,0,6,8,0,0,1,1,1,0,1,0,0.2,0,4,0,2,0,0,0,0,0,0,0,0,0,0,0,0,0,0,0,0,1,1,1,0,0.75,1346,9,1,0,0.2,0.11,1,0,0
@contraktor-tech/poc_confusion,3.16.25,npm,472,6,2,1,3,16,25,1,5,12,10,1,0,1,8,16,1,3,11,5,5,22,20,1,1,7,5,6,4,4,6,0.63,1,2,1,7,1,8,4,4,6,0,1,1,0,1,0,0,0,1,0,0,0,0,0,0,0.03,42,1,0,1,0.31,0.51,0,2,1
@abg-mec/fwk-fe-devcraft,2.14.41,npm,278,16,2,4,2,14,41,0,1,15,11,1,1,0,5,8,0,5,7,2,4,13,20,10,1,7,9,8,6,0,7,0.75,0,5,0,17,1,3,0,2,6,0,0,1,0,0,1,1,1,0,0,1,0,0,0,1,0.09,42,0,0,1,0.43,0.58,4,2,1
@espace-client-axafr/api-mapping,5.12.48,npm,104,13,2,4,5,12,48,0,5,4,12,1,1,0,2,10,1,5,4,0,4,34,13,5,1,10,6,0,3,3,1,0.78,0,4,1,15,1,1,4,1,5,0,1,0,1,1,1,1,1,1,1,1,1,1,0,0,0.26,28,0,0,0,0.84,0.93,4,2,1
@everreal/web-analytics,0.20.34,npm,428,0,2,7,0,20,34,0,4,4,2,1,1,0,7,11,1,2,8,5,8,11,7,4,0,1,7,8,1,5,6,0.98,0,1,1,17,1,0,8,0,2,0,1,0,0,1,0,1,0,1,1,0,0,0,0,0,0.26,36,2,0,1,0.9,0.44,5,2,1
@ensdomains/renewal,2.12.48,npm,281,1,1,6,2,12,48,1,1,6,18,1,1,0,4,19,1,4,14,3,8,5,7,4,1,3,6,4,8,5,8,0.73,0,0,1,9,1,4,8,0,8,0,0,0,0,1,0,1,0,1,1,0,0,0,0,0,0.33,30,0,0,1,0.61,0.56,4,1,1
sqlalchemy,0.10.14,pypi,8242824,2456,5,19,0,10,14,0,0,0,0,0,0,0,0,3,0,1,1,0,0,8,4,0,1,0,0,0,1,0,0,0.08,1,0,0,0,0,0,1,0,0,0,0,1,0,0,0,0,0,0,0,0,1,1,0,1,0.73,865,31,1,0,0.03,0.05,0,0,0
colormore,2.20.44,pypi,339,12,2,5,2,20,44,0,5,6,3,1,1,0,1,14,1,1,5,2,8,14,8,2,0,2,9,4,2,4,1,0.56,1,4,1,14,1,2,2,5,2,1,0,0,1,0,1,1,0,1,1,0,0,0,1,0,0.21,19,1,0,0,0.48,0.94,3,3,1
@ads-core/types,0.17.35,npm,72,3,1,4,0,17,35,0,3,10,7,1,1,1,3,8,1,1,11,2,4,9,6,10,1,1,9,8,8,5,2,0.52,1,2,1,5,1,9,7,2,5,0,1,1,0,0,1,1,0,0,0,0,1,1,1,0,0.25,19,2,0,1,0.31,0.69,2,3,1
@espace-client-axafr/advisor-list,0.2.41,npm,8,19,1,7,0,2,41,1,5,9,2,1,1,0,4,17,1,0,5,3,2,24,26,7,1,7,10,0,6,1,5,0.97,1,8,1,15,1,0,6,0,0,0,0,1,0,0,0,1,1,0,1,0,0,0,0,1,0.26,53,0,0,1,0.52,0.94,3,1,1
@didi-pebble/pblint,3.14.24,npm,243,8,1,2,3,14,24,0,4,3,3,0,1,0,8,10,1,3,10,5,2,20,15,6,0,8,7,4,3,1,5,0.78,1,13,1,20,1,8,1,0,8,0,1,1,1,0,1,1,1,1,0,0,1,1,0,1,0.03,32,0,0,0,0.76,0.61,1,3,1
request,3.9.35,npm,1076875,439,19,29,3,9,35,0,0,0,0,0,0,0,0,2,1,0,2,0,0,8,4,0,1,0,0,1,1,0,1,0.13,0,0,0,0,0,0,0,0,0,0,0,1,0,0,0,0,0,0,0,0,1,1,1,1,0.69,1777,49,1,0,0.08,0.06,0,0,0
ctfpipshell,4.5.24,pypi,400,28,2,5,4,5,24,1,3,4,15,1,1,0,7,16,1,0,10,0,7,7,25,2,1,5,9,3,10,4,6,0.92,1,9,0,14,1,6,0,3,8,0,0,0,0,0,1,0,1,1,0,0,0,0,1,1,0.13,3,0,0,1,0.64,0.65,5,0,1
@espace-client-axafr/configure-store,2.12.37,npm,51,10,2,5,2,12,37,0,5,4,20,1,0,1,3,15,1,5,13,2,3,13,24,0,1,10,7,6,10,0,3,0.65,1,7,1,20,1,7,2,2,1,0,0,1,0,0,1,1,1,1,0,0,0,0,0,0,0.08,44,0,0,1,0.39,0.37,0,0,1
000webhost-cache,3.16.22,npm,117,18,2,6,3,16,22,0,3,8,16,1,1,0,1,8,1,1,6,5,2,24,29,1,1,9,8,8,9,5,2,0.52,1,7,0,5,1,5,0,4,3,0,0,1,0,0,1,1,1,1,0,1,0,0,0,1,0.3,58,1,0,0,0.78,0.49,2,3,1
@checkbox-technology-pty-ltd/custom-block-kit,1.17.3,npm,300,30,2,5,1,17,3,1,4,12,2,1,1,0,6,6,1,1,12,3,4,8,12,8,1,2,2,4,10,1,7,0.78,0,8,0,7,1,4,5,2,0,0,0,1,1,0,0,1,1,0,0,1,0,0,0,0,0.17,21,0,0,1,0.43,0.52,4,0,1
darknegrobbc,4.9.15,pypi,22540,92,1,1,4,9,15,1,1,1,14,1,1,0,1,12,1,4,2,2,7,40,8,7,1,3,3,2,8,1,6,0.42,1,4,0,19,1,4,5,2,1,0,0,0,0,0,0,0,0,0,0,0,1,1,1,1,0.59,177,3,0,0,0.84,0.11,0,3,1
require-port,1.1.50,npm,306,16,1,5,1,1,50,0,1,11,6,0,1,0,6,15,1,4,5,4,1,6,30,1,1,5,3,8,10,2,6,0.76,1,7,1,8,0,6,0,2,2,0,1,0,0,0,1,0,1,1,1,1,0,0,0,1,0.18,24,2,0,1,0.78,0.82,3,3,1
pyyaml,3.17.32,pypi,2950,105,11,21,3,17,32,0,1,4,4,0,1,0,1,3,1,1,2,0,0,20,3,0,1,1,2,0,1,0,1,0.34,1,4,0,0,0,1,0,0,0,0,0,0,0,0,0,0,0,0,0,0,1,0,1,0,0.94,1249,30,1,1,0.11,0.15,1,0,0
google-cloud-storage,5.11.44,pypi,2199723,1878,2,17,5,11,44,0,0,2,0,0,0,0,1,3,0,1,1,0,0,9,2,1,0,0,0,0,1,0,1,0.08,0,0,0,0,1,0,0,0,0,0,0,0,0,0,0,0,0,0,0,0,1,1,1,1,0.85,698,36,1,0,0.05,0.14,0,0,0
httpx,1.16.42,pypi,5381060,907,5,9,1,16,42,0,0,1,0,0,0,0,0,1,0,0,0,0,0,6,2,1,0,0,1,0,2,0,0,0.07,0,0,0,0,0,0,1,0,0,0,0,0,0,0,0,0,0,0,0,0,1,0,1,0,0.64,945,32,1,0,0.08,0.1,0,0,0
awscli,0.5.15,pypi,8335,151,8,30,0,5,15,0,1,1,0,0,0,0,4,4,1,0,2,0,0,11,4,1,1,1,2,1,1,0,1,0.35,1,2,0,2,0,0,1,0,0,0,0,0,0,0,0,0,0,0,0,0,1,1,1,1,0.97,1984,25,0,0,0.08,0.19,0,0,0
bytesp,4.0.30,pypi,59,8,1,6,4,0,30,0,5,12,18,0,1,0,4,12,0,3,12,5,6,6,18,2,1,6,4,5,4,4,5,0.53,1,6,1,8,1,3,4,1,3,0,0,1,0,0,0,0,0,1,1,0,0,0,0,1,0.38,54,1,0,1,0.67,0.63,4,2,1
atlasctf-21-prod-08,0.11.25,pypi,235,18,1,1,0,11,25,0,4,6,13,1,0,1,1,8,0,3,15,3,6,38,28,1,1,1,2,3,4,5,8,0.62,1,1,0,10,1,2,5,0,3,1,0,1,1,0,1,0,1,0,1,0,0,0,0,0,0.3,8,2,0,1,0.26,0.81,2,0,1
underscore.string,4.3.24,npm,4140,119,2,7,4,3,24,1,1,3,3,1,1,0,1,5,0,1,3,0,0,11,11,0,0,1,3,0,0,1,0,0.31,1,2,0,0,0,1,0,0,0,0,0,0,0,0,0,0,0,0,0,0,0,1,1,1,0.77,2824,46,0,1,0.24,0.27,0,0,0
airduq,4.11.34,pypi,143,19,1,4,4,11,34,1,1,13,5,1,0,0,3,7,1,1,13,2,4,27,16,2,1,5,5,6,7,3,2,0.77,0,12,1,10,1,7,7,2,0,1,0,1,1,0,0,1,1,0,0,0,0,0,1,0,0.13,18,1,0,1,0.63,0.68,3,2,1
@espace-client-axafr/bonus-euro-plus,0.5.32,npm,38899,162,1,5,0,5,32,0,1,0,6,0,1,0,7,9,1,0,8,0,0,26,26,6,1,1,3,5,5,2,1,0.15,0,9,0,7,0,10,6,3,0,0,0,0,0,0,0,0,0,0,0,1,0,0,0,0,0.08,93,1,0,0,0.54,0.22,3,0,1
nose,0.0.26,pypi,4148068,1810,8,4,0,0,26,1,0,0,2,0,1,1,0,0,0,0,2,0,0,6,1,0,0,0,1,0,1,1,1,0.05,0,0,0,0,0,0,0,0,0,0,0,0,0,0,0,0,0,0,0,0,1,0,1,0,0.68,1592,18,0,0,0.09,0.09,0,0,0
eslint,1.13.20,npm,4220025,2047,18,21,1,13,20,0,0,0,1,0,1,1,0,0,0,1,2,0,0,10,4,0,0,0,0,0,1,0,0,0.15,0,0,0,0,1,0,0,0,0,0,0,1,0,0,0,0,0,0,0,0,0,0,1,1,0.73,2150,19,0,0,0.0,0.12,0,0,0
pytest,2.5.43,pypi,177128,1273,9,4,2,5,43,0,0,1,1,1,1,1,1,3,0,1,0,0,0,5,3,1,1,0,0,0,1,0,0,0.11,0,0,0,0,0,0,0,0,0,0,0,0,0,0,0,0,0,0,0,0,1,0,1,1,0.64,2638,6,0,0,0.08,0.08,0,0,0
parcel,2.13.3,npm,7295593,540,8,24,2,13,3,0,0,2,2,0,0,1,2,1,0,1,2,0,0,4,3,0,0,0,0,0,2,0,1,0.13,0,1,0,0,1,0,0,0,0,0,0,0,0,0,0,0,0,0,0,0,1,0,1,1,0.86,1763,22,1,0,0.06,0.14,1,0,0
pytorch,0.9.15,pypi,8212450,3965,14,16,0,9,15,0,0,2,0,0,0,0,1,3,0,0,0,0,0,1,5,0,0,0,0,1,2,0,1,0.15,0,0,0,0,0,0,0,0,0,0,0,0,0,0,0,0,0,0,0,0,1,1,1,0,0.87,1828,45,1,0,0.01,0.02,0,0,0
bokeh,3.20.31,pypi,7171484,3490,18,29,3,20,31,0,0,0,0,0,0,0,0,3,0,0,1,0,0,3,3,1,1,0,0,0,2,0,0,0.08,0,1,0,0,1,0,1,0,0,0,0,0,0,0,0,0,0,0,0,0,1,1,0,1,0.78,438,41,0,0,0.05,0.15,0,0,0
rich,5.12.42,pypi,9532745,2675,8,10,5,12,42,0,0,2,1,0,1,0,1,3,0,0,2,0,0,0,5,0,0,0,1,0,0,1,0,0.05,0,0,0,0,1,0,1,0,0,0,0,0,0,0,0,0,0,0,0,0,1,0,0,1,0.69,1243,16,1,0,0.01,0.04,1,0,0
lint-staged,3.12.38,npm,2822557,2378,4,22,3,12,38,0,0,1,0,0,0,0,0,2,1,0,2,0,0,9,1,0,0,0,0,0,0,0,0,0.07,0,0,0,0,0,0,1,0,0,0,0,0,0,0,0,0,0,0,0,0,1,1,1,1,0.66,2236,16,0,0,0.09,0.11,0,0,0
@espace-client-axafr/savings-types,1.16.50,npm,407,25,2,5,1,16,50,1,1,8,1,1,0,1,8,10,1,4,10,5,4,14,10,7,0,2,7,2,3,5,2,0.85,1,1,1,10,1,2,2,4,4,0,0,1,0,0,0,1,1,0,1,1,0,0,0,0,0.32,35,1,0,0,0.79,0.52,1,1,1
commander,0.11.44,npm,4272,114,9,9,0,11,44,0,0,3,4,0,0,0,0,6,1,0,5,0,0,9,6,0,1,0,0,0,2,0,1,0.24,0,4,0,4,0,1,0,0,0,0,0,0,0,0,0,0,0,0,0,0,1,1,0,1,0.65,2323,31,1,0,0.14,0.23,0,0,0
chai,3.3.35,npm,3021,137,15,5,3,3,35,1,1,2,0,1,0,0,1,5,0,0,1,0,0,12,3,1,0,0,1,0,4,0,0,0.33,0,2,0,4,1,0,0,0,0,0,0,0,0,0,0,0,0,0,0,0,0,1,1,0,0.67,2306,29,0,0,0.12,0.3,0,0,0
@ctrl/shared-torrent,5.15.4,npm,171,0,1,8,5,15,4,1,1,8,8,0,1,0,5,10,1,1,11,0,1,10,12,7,1,4,9,2,7,1,1,0.8,1,14,1,12,1,4,5,5,0,1,0,1,0,0,0,1,1,1,0,0,1,1,0,1,0.4,51,2,0,1,0.74,0.71,3,2,1
bytep,3.20.39,pypi,292,12,1,3,3,20,39,0,3,3,10,1,1,1,7,11,1,2,13,4,8,28,6,2,0,3,3,3,5,5,2,0.92,1,5,1,5,1,1,7,4,0,0,0,1,0,0,1,1,0,0,1,0,0,0,0,0,0.1,18,1,0,1,0.29,0.66,1,0,1
matplotlib,0.19.10,pypi,1172,60,18,29,0,19,10,0,0,5,0,0,0,0,3,5,0,0,3,1,0,13,10,0,1,0,0,0,1,1,1,0.3,0,0,0,0,1,1,0,0,0,0,0,0,0,0,0,0,0,0,0,0,1,0,0,0,0.99,701,2,1,0,0.17,0.19,0,0,0
bloxflipsearch,5.4.26,pypi,459,19,1,3,5,4,26,1,3,12,6,1,0,1,2,15,1,5,12,4,4,30,8,5,1,4,1,6,3,3,4,0.65,1,11,0,17,1,7,2,3,2,0,0,1,1,0,1,1,0,1,0,0,0,0,1,1,0.24,4,0,0,0,0.52,0.61,5,3,1
vue,0.1.4,npm,6344667,2526,11,23,0,1,4,0,1,1,1,0,1,1,0,1,1,1,1,0,0,10,1,0,1,0,0,0,0,0,0,0.01,0,0,0,0,0,0,1,0,0,0,0,0,0,0,0,0,0,0,0,0,0,1,1,0,0.98,937,49,1,0,0.08,0.06,0,0,0
ctf-aio-tool,2.2.25,pypi,256,13,2,8,2,2,25,0,4,14,13,1,1,1,4,10,0,2,14,3,6,38,3,1,1,7,3,6,6,2,4,0.89,1,11,1,2,1,2,5,4,7,1,0,1,0,0,0,1,1,0,1,0,0,0,0,1,0.02,60,2,0,0,0.85,0.86,0,2,1
colors-update,3.6.3,pypi,108,27,1,1,3,6,3,0,1,6,9,1,0,0,8,16,1,5,6,1,1,7,29,6,1,5,5,2,4,2,7,0.51,1,15,1,7,0,5,6,0,8,1,0,0,0,0,1,1,1,1,1,0,1,1,0,0,0.36,59,0,0,1,0.85,0.38,5,3,1
next,3.3.32,npm,5547755,2368,4,4,3,3,32,0,0,0,0,0,0,0,1,3,1,0,1,0,0,7,1,0,1,0,1,0,1,0,0,0.06,1,1,0,1,1,0,1,0,0,0,0,0,0,0,0,0,0,0,0,0,1,0,1,1,0.83,2704,32,0,0,0.03,0.13,0,0,0
typescript,1.3.19,npm,4275340,701,11,23,1,3,19,1,0,0,1,0,0,0,0,3,0,1,2,0,0,5,2,1,1,0,1,0,1,0,1,0.07,0,1,0,0,0,0,0,0,0,0,0,0,0,0,0,0,0,0,0,0,0,1,1,0,0.83,2537,35,0,0,0.08,0.11,0,0,0
npm-cli-flag,4.15.24,npm,9941193,3212,12,5,4,15,24,1,0,0,0,0,0,0,1,1,0,0,0,0,0,9,1,0,0,0,1,0,1,1,0,0.08,0,1,0,0,1,0,1,0,0,0,0,0,0,0,0,0,0,0,0,0,1,1,1,0,0.87,2588,38,1,0,0.02,0.07,0,0,0
falcon,2.5.48,pypi,6745802,2805,14,12,2,5,48,1,0,1,0,0,0,1,1,1,0,0,2,0,0,9,0,0,0,0,1,1,0,0,0,0.02,0,1,0,1,1,0,0,0,0,0,0,0,0,0,0,0,0,0,0,0,1,0,1,1,0.91,1630,16,1,0,0.08,0.07,1,0,0
uuid,2.4.40,npm,9405,150,11,29,2,4,40,1,1,5,1,0,0,0,2,6,0,0,5,0,0,12,7,0,0,1,3,1,3,1,0,0.18,0,4,0,4,0,0,1,0,0,0,0,0,0,0,0,0,0,0,0,0,1,0,0,1,0.94,448,31,1,0,0.18,0.1,1,0,0
pip,4.2.23,pypi,563967,1884,13,17,4,2,23,0,1,2,2,1,0,0,0,0,0,0,1,0,0,5,3,1,1,0,0,0,2,0,0,0.12,0,1,0,0,1,0,0,0,0,0,0,0,0,0,0,0,0,0,0,0,1,0,1,1,0.8,847,32,1,0,0.05,0.11,0,0,0
plotly,1.2.0,pypi,2759133,2982,5,23,1,2,0,0,0,2,2,0,0,1,2,1,1,0,2,0,0,3,0,1,0,0,0,0,2,0,0,0.01,0,1,0,0,1,0,0,0,0,0,0,1,0,0,0,0,0,0,0,0,0,0,0,1,0.78,615,28,1,0,0.02,0.06,0,0,0
socket.io,1.0.10,npm,1155921,1046,2,14,1,0,10,0,0,2,0,0,0,0,0,0,1,0,1,0,0,6,3,0,1,0,0,0,0,0,1,0.03,0,0,0,0,0,0,0,0,0,0,0,0,0,0,0,0,0,0,0,0,1,1,1,0,0.9,2936,12,0,0,0.01,0.07,1,0,0
underscore.string,2.17.2,npm,7076089,2307,8,15,2,17,2,0,0,0,2,0,0,0,2,2,0,1,2,0,0,6,4,1,0,0,0,1,2,1,1,0.05,0,0,0,0,1,0,0,0,0,0,0,0,0,0,0,0,0,0,0,0,1,1,1,0,0.77,1817,30,0,0,0.05,0.08,0,0,0
@dotevn/config,1.15.14,npm,162,17,1,0,1,15,14,1,4,14,12,1,1,0,8,17,1,4,13,3,4,38,6,8,1,6,8,7,5,4,3,0.89,0,4,1,11,1,8,5,3,0,1,1,1,0,0,1,1,1,0,0,1,0,0,0,1,0.39,52,1,0,0,0.59,0.64,4,1,1
detection-telegram,5.7.26,pypi,415,10,2,3,5,7,26,1,2,12,14,0,0,0,3,8,1,5,10,0,3,5,6,4,0,9,8,6,10,4,1,0.86,1,2,0,16,0,7,2,1,6,1,0,1,0,0,0,1,1,1,0,1,1,1,0,0,0.15,8,0,0,0,0.35,0.88,4,3,1
eslint-config-airbnb,4.4.7,npm,2580270,720,13,8,4,4,7,0,0,2,0,0,1,0,1,0,0,0,2,0,0,9,3,0,1,0,0,0,0,1,0,0.05,0,1,0,0,0,0,0,0,0,0,0,0,0,0,0,0,0,0,0,0,1,1,0,0,0.92,630,36,1,0,0.03,0.12,0,0,0
atlasctf-21-prod-09,0.14.4,pypi,72,24,1,1,0,14,4,0,1,15,9,0,1,0,5,15,1,0,12,1,8,3,20,8,1,10,9,3,2,5,8,0.98,1,13,0,6,1,0,4,3,1,0,0,1,0,1,1,1,1,1,1,1,1,1,1,1,0.3,9,1,0,1,0.27,0.63,3,2,1
anaconda-anon-usage,5.19.31,pypi,29234,64,1,8,5,19,31,1,5,5,9,0,0,1,8,14,0,4,11,2,0,5,23,5,1,1,3,1,9,0,8,0.49,0,5,0,6,0,9,2,1,0,0,0,0,0,0,0,0,0,0,1,0,0,0,0,0,0.05,133,4,1,0,0.42,0.52,2,1,1
commander,1.0.12,npm,4408288,3661,13,9,1,0,12,0,0,0,1,1,1,0,2,2,1,1,2,0,0,9,2,0,1,0,0,0,2,1,0,0.13,0,1,0,0,0,0,0,0,0,0,0,0,0,0,0,0,0,0,0,0,1,1,1,0,0.91,740,47,1,0,0.02,0.02,0,0,0
@equis/core,0.4.10,npm,386,19,2,7,0,4,10,1,4,6,14,1,0,1,2,14,1,0,6,5,8,35,22,4,0,4,8,6,10,0,1,0.52,1,9,0,6,1,4,5,0,0,0,1,1,0,0,1,1,1,0,1,1,0,0,0,0,0.16,47,0,0,1,0.21,0.93,2,3,1
uglify-js,4.4.22,npm,376526,2640,14,4,4,4,22,0,1,2,0,0,0,1,1,0,0,0,0,0,0,7,1,0,0,0,1,0,1,0,0,0.12,0,0,0,0,0,0,1,0,0,0,0,0,0,0,0,0,0,0,0,0,0,1,1,1,0.87,686,41,0,0,0.0,0.02,1,0,0
moment,4.20.14,npm,1270511,1333,12,5,4,20,14,0,0,0,1,0,1,0,0,3,0,1,0,0,0,4,2,0,1,0,0,1,2,1,0,0.02,1,1,0,0,0,0,0,0,0,0,0,1,0,0,0,0,0,0,0,0,1,0,1,0,0.6,1865,35,1,0,0.07,0.14,0,0,0
@actbase/react-native-kakao-navi,3.14.46,npm,214,5,2,1,3,14,46,0,5,8,8,1,1,0,1,12,0,2,6,0,2,23,6,6,0,2,6,8,2,2,8,0.94,0,13,1,7,0,2,0,0,5,0,0,1,0,0,1,0,0,0,0,1,1,1,1,0,0.02,0,1,0,0,0.42,0.75,4,3,1
zustand,5.7.8,npm,724548,1310,14,7,5,7,8,0,0,0,0,0,0,0,0,3,0,0,0,0,0,7,1,0,1,0,0,0,1,0,0,0.15,1,1,0,1,1,0,0,0,0,0,0,1,0,0,0,0,0,0,0,0,1,1,1,1,0.74,1359,34,1,0,0.09,0.07,0,0,0
@cf.cplace.platform/forms,0.3.9,npm,18203,178,1,6,0,3,9,1,2,5,4,0,1,0,4,4,0,5,12,0,7,33,25,3,1,5,1,4,7,2,7,0.4,1,8,0,18,1,9,0,1,2,0,0,0,0,0,0,0,0,0,1,0,0,0,0,0,0.53,174,2,1,0,0.9,0.24,5,2,1
streamsearch,1.4.21,npm,9401730,3679,3,13,1,4,21,1,0,2,2,0,0,0,0,3,0,1,1,0,0,10,2,1,1,0,1,0,2,0,0,0.14,0,0,0,1,0,0,0,0,0,0,0,0,0,0,0,0,0,0,0,0,1,0,1,1,0.65,390,5,0,0,0.02,0.05,0,0,0
a1rn,0.2.26,pypi,448,22,1,5,0,2,26,0,2,14,6,0,1,1,5,6,1,4,2,0,7,9,1,2,1,8,8,7,7,5,8,0.65,1,11,1,14,1,1,2,1,0,0,0,0,0,0,0,1,1,0,1,0,1,1,1,1,0.34,34,0,0,0,0.43,0.62,3,3,1
eslint-config-airbnb-compat,2.20.32,npm,181,3,1,7,2,20,32,0,2,9,19,1,1,0,5,7,1,4,13,1,2,22,17,9,0,6,5,7,2,1,7,0.52,1,2,0,3,0,2,7,1,7,0,0,1,1,1,1,1,1,1,0,0,0,0,1,1,0.39,52,0,0,0,0.58,0.63,3,1,1
rollup,4.1.26,npm,8359706,2012,7,19,4,1,26,0,1,0,2,0,0,0,0,1,0,1,2,0,0,7,1,0,0,0,0,1,1,0,0,0.04,1,1,0,1,0,0,0,0,0,0,0,1,0,0,0,0,0,0,0,0,1,1,1,1,0.98,2784,35,1,0,0.09,0.08,0,0,0
awscli,5.13.20,pypi,9867636,673,9,8,5,13,20,0,1,0,1,0,0,0,1,2,1,0,1,0,0,10,3,1,1,0,0,1,0,0,0,0.1,0,0,0,0,1,0,0,0,0,0,0,0,0,0,0,0,0,0,0,0,1,0,0,0,0.89,1104,31,1,0,0.08,0.13,1,0,0
@asyncapi/avro-schema-parser,0.9.12,npm,22,25,2,8,0,9,12,0,3,7,2,1,1,0,1,13,1,0,14,2,7,27,24,7,1,6,5,2,8,5,8,0.6,1,8,0,15,1,6,2,4,4,0,0,0,0,0,1,1,1,1,0,0,0,0,1,0,0.18,46,1,0,1,0.95,0.49,0,0,1
fastapi,5.16.44,pypi,8752,153,11,30,5,16,44,0,1,1,5,0,0,0,0,7,1,0,3,1,0,18,3,1,0,1,2,1,0,1,3,0.4,0,1,0,0,0,0,0,0,0,0,0,0,0,0,0,0,0,0,0,0,0,1,0,0,0.59,2184,40,0,1,0.25,0.26,0,0,0
cors,0.18.47,npm,4575304,3680,15,10,0,18,47,0,0,0,0,0,0,0,0,0,0,1,1,0,0,6,4,1,0,0,0,1,0,0,0,0.07,0,0,0,1,0,0,0,0,0,0,0,0,0,0,0,0,0,0,0,0,0,0,1,0,0.91,1205,46,1,0,0.04,0.13,0,0,0
@evoplay-spinential/test-module,2.4.45,npm,23292,166,1,1,2,4,45,0,1,3,14,0,0,1,2,9,0,3,4,1,3,16,15,10,0,2,0,0,4,1,0,0.24,1,15,0,14,1,8,8,4,3,0,0,0,0,0,0,0,0,0,0,0,0,0,1,1,0.35,129,5,1,1,0.78,0.42,2,3,1
@eqder/bird,0.0.14,npm,22127,139,2,3,0,0,14,1,2,4,18,0,0,0,3,10,0,0,1,0,2,36,12,1,1,5,2,3,10,1,3,0.16,0,5,0,13,1,3,3,2,0,0,0,0,0,0,0,0,0,0,0,0,0,0,0,0,0.02,83,3,0,0,0.47,0.27,3,0,1
@clausehq/flows-step-sendgridemail,0.19.47,npm,185,18,2,1,0,19,47,0,5,15,19,0,1,0,1,7,1,3,13,1,6,12,2,4,1,7,5,5,1,2,5,0.74,0,6,1,7,1,9,2,4,5,0,1,1,0,0,0,1,1,1,0,0,1,1,0,1,0.11,49,1,0,1,0.46,0.92,0,1,1
@actbase/react-native-devtools,2.12.17,npm,418,25,1,8,2,12,17,0,4,11,7,1,1,1,2,16,1,1,12,2,4,18,22,2,1,7,4,6,2,3,8,0.7,1,13,1,3,1,8,1,0,3,1,1,1,0,0,1,1,1,1,0,0,0,0,1,0,0.0,16,0,0,1,0.76,0.68,5,1,1
@bonk-sdk/ipfs,4.10.30,npm,45469,132,2,6,4,10,30,0,4,4,12,1,0,0,8,6,0,4,12,1,2,10,22,5,0,1,0,4,2,2,7,0.22,0,5,0,14,0,10,2,1,2,0,0,0,0,0,0,0,0,0,0,0,0,0,0,0,0.14,82,3,0,1,0.31,0.7,2,0,1
@crowdstrike/glide-core,1.15.47,npm,71,23,1,7,1,15,47,1,1,9,10,0,0,0,1,8,1,0,8,3,8,37,23,4,1,9,7,4,4,3,3,0.76,1,2,1,14,1,3,6,4,0,0,0,0,0,1,1,1,1,1,0,0,0,0,0,0,0.32,41,1,0,0,0.4,0.37,2,2,1
cross-env,4.12.36,npm,6396755,1776,2,20,4,12,36,1,0,0,0,0,0,0,1,0,0,0,1,0,0,6,4,0,0,0,0,0,1,0,0,0.06,0,0,0,0,0,0,0,0,0,0,0,1,0,0,0,0,0,0,0,0,0,0,1,1,0.65,1950,35,0,0,0.01,0.1,0,0,0
bytekafka0-0-15,0.0.21,pypi,420,6,1,2,0,0,21,0,4,5,17,0,1,0,4,9,1,3,3,1,4,8,12,5,0,1,2,6,6,0,7,0.84,1,14,0,4,1,10,5,0,1,0,0,1,1,0,1,1,1,0,0,0,0,0,0,1,0.28,43,2,0,0,0.45,0.73,5,2,1
atlasctf-21-prod-12,5.6.22,pypi,33688,147,1,5,5,6,22,1,0,0,12,1,0,0,8,3,0,4,9,0,0,30,19,8,0,3,1,4,2,5,3,0.33,0,14,0,5,0,9,4,4,4,0,0,0,0,0,0,0,0,0,0,1,1,1,0,1,0.5,46,1,1,0,0.28,0.31,4,3,1
@apachesling/slingpackager,4.17.34,npm,26701,87,2,2,4,17,34,0,3,3,9,0,1,0,7,6,1,0,7,3,6,28,7,10,0,9,2,3,2,4,8,0.44,0,13,0,0,1,9,3,1,7,0,0,0,0,0,0,0,0,0,1,0,1,1,0,0,0.45,197,3,0,0,0.49,0.74,1,1,1
mysql-import,0.17.38,npm,9346315,1758,12,8,0,17,38,0,1,0,0,1,0,0,0,2,1,0,2,0,0,8,4,0,1,0,0,1,1,1,0,0.07,0,0,0,0,1,0,1,0,0,0,0,0,0,0,0,0,0,0,0,0,1,1,0,1,0.67,657,31,1,0,0.06,0.11,0,0,0
@com-delta-omnichannel/core,2.19.50,npm,24611,115,1,0,2,19,50,0,2,2,1,0,0,1,0,4,1,1,13,2,8,34,26,9,1,5,3,3,6,4,0,0.49,1,4,0,12,0,1,3,4,8,0,0,0,0,0,0,0,0,0,1,1,1,1,1,1,0.44,165,0,1,1,0.55,0.49,2,1,1
@amazon-bedrock-agents-healthcare-lifesciences/docs,0.7.19,npm,107,27,2,0,0,7,19,0,1,12,16,1,1,0,6,16,0,1,13,2,2,24,14,9,1,9,6,5,8,5,1,0.95,0,5,1,16,1,0,6,1,4,0,1,0,0,0,0,1,1,1,0,1,1,1,1,0,0.18,55,2,0,0,0.4,0.77,2,2,1
commander,4.12.23,npm,6187176,470,14,30,4,12,23,0,0,2,1,1,0,0,0,0,0,0,2,0,0,9,0,1,1,0,0,0,0,1,1,0.14,1,0,0,0,0,0,1,0,0,0,0,0,0,0,0,0,0,0,0,0,1,1,1,1,0.94,1225,28,1,0,0.01,0.04,0,0,0
bytekafka-0-0-15,5.7.2,pypi,293,30,1,6,5,7,2,0,4,2,7,1,1,1,8,4,1,4,5,4,6,32,17,6,1,3,8,7,9,2,6,0.85,1,15,0,9,1,8,4,1,4,0,1,0,1,0,1,1,1,1,0,0,0,0,0,1,0.27,24,1,0,1,0.92,0.85,2,0,1
@antstackio/shelbysam,5.7.20,npm,180,28,1,5,5,7,20,0,4,6,16,0,1,1,5,17,1,5,13,0,4,31,3,1,1,3,1,4,2,0,3,0.63,1,3,1,6,0,2,3,4,0,0,0,1,0,1,1,1,1,1,1,0,1,1,0,0,0.03,55,0,0,1,0.68,0.58,2,2,1
ws,4.19.33,npm,7180,102,19,12,4,19,33,1,1,2,1,0,0,0,1,6,1,0,2,0,0,9,2,0,0,0,2,0,3,1,1,0.3,0,2,0,3,1,1,1,0,0,0,0,0,0,0,0,0,0,0,0,0,1,1,1,0,0.87,1737,36,1,1,0.15,0.22,0,0,0
uvicorn,2.16.40,pypi,2483543,2817,8,29,2,16,40,1,0,0,2,0,0,0,0,2,0,1,0,0,0,10,5,0,0,0,0,0,1,0,1,0.05,1,1,0,1,0,0,0,0,0,0,0,0,0,0,0,0,0,0,0,0,0,1,1,0,0.86,1002,47,0,0,0.07,0.13,0,0,0
byteff,1.9.26,pypi,347,5,1,4,1,9,26,0,1,4,11,1,1,0,5,15,0,0,5,1,4,33,17,8,1,2,1,4,1,2,8,0.53,1,2,1,2,0,10,3,0,4,1,1,1,0,0,1,1,0,1,1,0,0,0,1,0,0.34,32,0,0,0,0.48,0.97,1,3,1
@elementor-editor-github-actions/utils,1.3.1,npm,105,5,1,6,1,3,1,0,4,9,9,0,1,1,7,8,1,3,7,1,8,4,9,7,1,5,2,3,5,4,1,0.82,1,3,0,13,0,9,3,4,0,0,1,1,1,0,1,1,0,1,1,0,0,0,0,0,0.38,28,0,0,0,0.93,0.85,1,0,1
advpruebitaa8,2.15.18,pypi,33,25,1,1,2,15,18,0,4,2,10,0,1,0,1,4,1,1,7,2,3,7,23,4,0,4,4,6,10,0,5,0.65,1,1,1,13,1,10,6,3,6,0,0,1,0,0,1,1,1,1,1,0,1,1,0,0,0.05,35,0,0,1,0.43,0.5,5,3,1
uglify.js,0.9.15,npm,154,3,2,1,0,9,15,0,4,12,20,0,1,1,4,7,1,3,2,4,6,17,19,6,0,2,10,8,6,0,1,0.52,1,15,0,14,1,4,0,2,1,0,0,1,0,0,0,0,1,1,0,1,1,1,0,1,0.19,44,1,0,1,0.34,0.39,5,3,1
ctosec-appsec-wb-xray-adapters,4.7.39,pypi,22,23,1,7,4,7,39,0,4,9,4,1,1,0,2,5,1,4,4,0,3,19,20,10,1,9,1,5,7,4,5,0.89,1,13,0,5,1,6,7,1,6,0,0,1,1,0,1,1,1,1,0,0,0,0,0,1,0.37,4,0,0,0,0.27,0.37,5,2,1
ethers,5.9.20,npm,9539476,3463,17,5,5,9,20,0,0,0,0,0,0,0,0,2,0,0,0,0,0,6,2,0,0,0,0,1,0,1,1,0.09,1,1,0,0,1,0,0,0,0,0,0,0,0,0,0,0,0,0,0,0,0,1,1,1,0.69,596,44,1,0,0.06,0.01,0,0,0
@glofe/bootstrap,0.20.10,npm,258,27,1,7,0,20,10,0,2,15,11,1,0,1,4,20,1,3,15,1,2,31,15,9,1,2,3,7,8,2,2,0.73,1,0,0,14,0,0,8,4,0,0,1,1,0,0,1,1,1,1,0,0,1,1,0,0,0.13,49,2,0,1,0.55,0.75,5,3,1
boogipoper,1.15.18,pypi,9637,80,1,6,1,15,18,0,3,4,17,1,0,1,2,2,0,5,5,3,3,24,16,8,1,2,1,4,3,2,7,0.35,0,12,0,19,1,8,7,2,1,0,0,0,0,0,0,0,0,0,0,0,0,0,0,0,0.58,113,1,1,0,0.25,0.94,5,0,1
husky,2.1.25,npm,4374,40,1,14,2,1,25,0,0,2,5,0,1,0,0,6,0,0,2,1,0,6,11,0,0,0,3,0,0,0,2,0.25,0,0,0,4,0,0,0,0,0,0,0,0,0,0,0,0,0,0,0,0,0,1,0,1,0.85,1601,15,0,1,0.18,0.14,1,0,0
detectren,3.19.47,pypi,292,19,2,7,3,19,47,0,2,10,17,1,1,0,7,19,0,1,6,3,7,21,25,4,1,3,2,6,5,4,1,0.77,1,14,1,16,1,8,1,1,8,0,0,1,0,1,0,0,1,1,1,0,0,0,1,0,0.1,44,2,0,1,0.8,0.79,0,0,1
pyjwt,3.13.29,pypi,7638532,2183,12,13,3,13,29,1,0,2,0,0,0,0,0,2,1,1,1,0,0,5,5,0,0,0,0,1,0,1,0,0.14,1,0,0,1,0,0,0,0,0,0,0,0,0,0,0,0,0,0,0,0,1,1,0,1,0.86,2484,30,0,0,0.09,0.0,0,0,0
requests,3.1.2,pypi,3724225,3471,18,13,3,1,2,0,0,0,2,0,0,1,0,3,0,0,0,0,0,9,0,0,0,0,0,1,0,0,1,0.03,0,1,0,0,1,0,0,0,0,0,0,1,0,0,0,0,0,0,0,0,1,1,0,1,0.97,2915,21,1,0,0.06,0.08,0,0,0
@fff-web/fff-utilities,2.12.32,npm,270,13,1,4,2,12,32,0,4,14,12,0,1,1,2,12,0,1,6,3,3,29,3,3,1,6,10,0,7,0,7,0.98,1,7,1,4,1,3,0,2,1,1,1,1,0,0,0,1,1,1,0,1,0,0,1,0,0.25,57,0,0,0,0.39,0.87,4,3,1
atlasctf-21-prod-14,5.5.27,pypi,10879,102,1,6,5,5,27,0,1,3,12,1,1,0,7,3,0,5,12,0,6,2,6,5,0,9,0,8,6,5,7,0.22,0,15,0,20,1,6,0,2,6,0,0,0,0,0,0,0,0,0,0,1,1,1,0,1,0.48,145,4,1,0,0.71,0.84,2,0,1
setuptools,3.15.9,pypi,4594781,1746,7,12,3,15,9,0,0,2,0,1,1,1,2,1,1,1,0,0,0,5,0,0,0,0,1,1,1,0,0,0.03,1,0,0,0,0,0,0,0,0,0,0,0,0,0,0,0,0,0,0,0,1,1,0,1,0.87,2122,42,0,0,0.06,0.08,0,0,0
psycopg2,1.13.6,pypi,1859964,2550,8,12,1,13,6,1,1,0,2,0,1,0,0,3,0,0,2,0,0,6,3,1,1,0,0,0,0,0,0,0.12,0,1,0,0,0,0,0,0,0,0,0,1,0,0,0,0,0,0,0,0,1,1,0,1,0.68,2592,40,0,0,0.0,0.07,0,0,0
cryptocalls,3.8.48,pypi,126,26,1,7,3,8,48,0,3,12,8,1,1,0,2,7,1,1,8,5,3,15,3,6,1,6,4,8,8,3,1,0.82,1,13,1,20,1,9,6,3,0,0,0,1,1,0,1,0,1,1,0,0,1,1,1,0,0.27,51,1,0,1,0.32,0.62,1,0,1
boogishell6,5.13.28,pypi,147,5,1,1,5,13,28,0,2,13,10,1,1,0,2,15,0,0,8,5,5,28,6,8,1,10,7,2,4,1,7,0.9,1,15,0,11,1,7,8,5,7,0,0,0,0,0,1,1,1,1,0,1,1,1,0,0,0.07,58,2,0,1,0.38,0.38,2,3,1
dequests,0.15.8,pypi,99,26,2,7,0,15,8,0,2,8,3,0,0,0,1,11,1,4,6,1,8,38,24,7,1,9,8,1,10,0,5,0.69,1,1,1,16,1,6,1,5,3,0,0,1,0,0,0,1,0,0,0,1,1,1,0,1,0.24,27,0,0,1,0.3,0.44,1,0,1
crpto,0.11.13,pypi,227,14,1,0,0,11,13,0,3,3,7,0,1,0,4,3,0,2,5,1,4,6,27,8,0,10,6,3,4,2,3,0.98,0,8,0,6,1,2,1,5,0,0,0,1,0,0,0,0,1,0,0,1,0,0,1,1,0.05,4,1,0,1,0.78,0.65,0,3,1
jest,5.3.18,npm,4139,146,9,9,5,3,18,1,0,5,3,1,0,1,2,5,0,0,4,0,0,17,5,0,1,0,2,0,2,0,2,0.28,0,0,0,1,0,0,1,0,0,0,0,0,0,0,0,0,0,0,0,0,1,1,0,1,0.67,2956,30,1,0,0.11,0.15,1,0,0
koa,2.19.14,npm,5603662,3837,3,30,2,19,14,0,1,1,0,1,1,1,1,0,1,0,0,0,0,4,2,0,1,0,0,0,1,0,0,0.03,0,1,0,0,1,0,0,0,0,0,0,0,0,0,0,0,0,0,0,0,0,1,1,0,0.91,803,3,1,0,0.07,0.11,0,0,0
dify-api,5.16.25,pypi,347,26,1,4,5,16,25,0,1,3,20,1,1,1,6,16,0,3,11,1,5,4,23,6,0,9,5,8,4,2,7,0.77,0,10,1,12,1,4,8,2,6,0,0,1,0,0,0,1,1,1,1,1,0,0,0,1,0.23,25,2,0,0,0.43,0.44,4,2,1
@custom-widget/sdk,1.0.13,npm,42808,125,1,2,1,0,13,0,0,1,12,1,1,0,4,5,1,2,7,1,3,19,29,3,0,4,2,4,7,2,1,0.28,0,11,0,18,1,5,8,3,2,0,0,0,0,0,0,0,0,0,0,1,1,1,1,0,0.32,83,5,1,0,0.65,0.7,2,1,1
argon2,4.6.7,npm,9269965,446,15,3,4,6,7,0,1,2,0,0,0,0,0,1,0,0,2,0,0,6,1,0,0,0,1,0,0,0,0,0.01,0,0,0,1,0,0,1,0,0,0,0,0,0,0,0,0,0,0,0,0,1,1,1,0,0.67,2677,42,0,0,0.01,0.06,1,0,0
algokit-arc,2.5.16,pypi,383,26,1,2,2,5,16,1,2,2,8,1,1,0,5,16,0,5,2,3,3,13,20,0,0,5,7,4,5,3,7,0.84,1,14,1,8,0,4,8,4,6,1,0,0,0,0,1,1,0,1,0,0,0,0,0,1,0.13,17,1,0,1,0.73,0.91,2,1,1
@ensdomains/curvearithmetics,3.5.10,npm,343,29,2,4,3,5,10,0,5,6,15,0,0,1,1,20,1,1,14,0,8,34,4,1,0,8,4,5,7,1,6,0.52,1,3,1,9,1,3,6,1,6,0,0,1,1,0,1,0,0,1,0,0,0,0,1,0,0.05,46,0,0,1,0.47,0.48,2,1,1
pino,2.9.36,npm,3099729,429,20,28,2,9,36,0,0,2,2,1,0,1,0,2,0,1,1,0,0,9,3,1,1,0,0,0,0,0,1,0.11,0,0,0,0,1,0,0,0,0,0,0,0,0,0,0,0,0,0,0,0,1,1,1,1,0.94,1278,21,0,0,0.08,0.06,0,0,0
matplotlib,2.7.26,pypi,952506,957,6,8,2,7,26,0,0,1,0,1,0,0,1,1,0,1,1,0,0,1,1,1,1,0,0,0,1,0,1,0.12,1,0,0,0,0,0,1,0,0,0,0,0,0,0,0,0,0,0,0,0,1,1,1,0,0.85,1658,9,0,0,0.09,0.07,0,0,0
discord-hook,1.14.7,pypi,136,14,2,6,1,14,7,0,2,2,11,1,0,0,8,19,1,3,6,3,1,7,13,8,1,4,5,3,10,2,1,0.62,0,9,1,17,1,8,0,0,6,0,0,1,0,1,1,0,1,0,1,1,0,0,0,0,0.22,4,1,0,1,0.54,0.67,4,0,1
beautifulsoup4,3.14.0,pypi,8596111,1970,14,7,3,14,0,0,0,2,0,1,1,1,1,2,1,0,0,0,0,10,1,1,0,0,0,0,1,0,0,0.13,1,0,0,1,0,0,1,0,0,0,0,1,0,0,0,0,0,0,0,0,1,1,1,1,0.73,1478,16,1,0,0.01,0.11,1,0,0
gunicorn,3.0.19,pypi,2489,93,17,30,3,0,19,0,1,2,1,0,0,0,4,6,0,1,1,0,0,9,8,0,0,0,0,0,2,0,0,0.21,1,3,0,1,1,1,1,0,0,0,0,0,0,0,0,0,0,0,0,0,1,1,1,1,0.87,2410,5,0,0,0.07,0.14,1,0,0
cryostar,5.20.25,pypi,186,16,2,0,5,20,25,0,1,2,8,1,1,0,1,7,1,2,7,3,2,38,5,8,1,7,3,5,5,1,2,0.9,0,5,1,18,0,8,1,2,4,1,0,0,0,1,0,0,0,0,0,0,0,0,1,0,0.32,54,1,0,1,0.46,0.34,4,2,1
atlasctf-21-prod-18,0.18.44,pypi,425,20,1,0,0,18,44,0,5,15,14,1,0,1,6,3,1,3,3,3,6,31,23,2,1,3,10,8,5,4,8,0.62,1,13,1,20,1,5,3,0,4,0,0,1,1,0,0,1,1,0,0,0,0,0,0,0,0.14,56,2,0,1,0.86,0.68,4,1,1
vitest,1.5.18,npm,4535,130,5,3,1,5,18,0,1,5,4,0,0,0,2,8,0,0,2,1,0,6,9,0,1,0,3,0,4,0,0,0.38,0,1,0,1,0,0,0,0,0,0,0,0,0,0,0,0,0,0,0,0,0,0,1,0,0.69,755,5,0,0,0.09,0.25,0,0,0
@ctrl/react-adsense,3.17.28,npm,494,0,2,1,3,17,28,0,5,7,15,1,1,1,4,5,0,5,4,3,1,32,30,9,0,4,1,2,1,1,1,0.52,1,3,1,7,1,1,1,3,3,0,0,1,0,1,1,0,1,1,1,0,0,0,0,0,0.31,37,0,0,1,0.25,0.49,3,1,1
@3kali182/selenium-webdriver4,0.17.46,npm,424,6,1,1,0,17,46,0,5,12,18,1,1,0,6,12,0,1,5,5,2,32,30,3,1,10,10,3,7,1,6,0.53,1,12,1,19,1,4,4,2,8,0,0,0,1,0,0,1,1,1,0,1,1,1,0,1,0.06,16,2,0,1,0.63,0.58,1,1,1
4m-clean-shopify-app,4.6.27,npm,84,26,2,4,4,6,27,1,4,10,3,0,1,1,6,7,1,5,5,5,7,21,1,2,1,1,9,1,2,5,7,0.71,1,9,1,15,1,2,5,1,2,0,0,0,0,1,1,0,0,0,0,1,0,0,0,0,0.1,57,1,0,1,0.67,0.72,5,1,1
mqtt,5.14.39,npm,4912,175,18,10,5,14,39,0,1,4,3,0,0,1,0,2,0,1,2,0,0,7,8,0,0,0,1,0,3,0,2,0.34,0,3,0,5,1,0,0,0,0,0,0,0,0,0,0,0,0,0,0,0,0,0,1,1,0.88,1568,32,1,0,0.25,0.13,1,0,0
@captivateiq/handsontable-ciq,1.16.14,npm,425,6,1,1,1,16,14,0,1,8,16,1,1,1,6,7,1,4,10,2,3,21,1,1,0,3,8,2,4,2,3,0.9,1,4,0,15,1,1,0,3,6,0,0,0,0,0,1,0,1,0,0,0,0,0,0,0,0.31,58,2,0,0,0.64,0.44,5,2,1
@fronteg/react,3.18.42,npm,356,16,1,4,3,18,42,0,3,9,8,1,1,0,1,7,1,2,9,1,3,36,10,2,0,3,5,2,4,0,1,0.92,1,4,1,10,1,2,3,4,0,1,0,1,0,0,1,1,0,1,0,0,1,1,0,0,0.37,49,0,0,1,0.9,0.41,5,2,1
@espace-client-axafr/certificate-auto,3.13.35,npm,254,17,2,8,3,13,35,1,2,8,3,1,1,0,4,3,1,4,9,1,2,5,30,5,1,3,2,4,8,1,7,0.77,1,6,0,3,1,1,2,3,0,1,0,1,0,0,1,1,0,1,1,0,0,0,0,0,0.15,5,0,0,0,0.21,0.87,3,1,1
pymongo,4.0.18,pypi,5662175,2234,20,30,4,0,18,0,0,2,0,1,0,0,2,0,0,0,1,0,0,10,1,0,1,0,0,0,2,0,0,0.05,0,0,0,0,0,0,0,0,0,0,0,0,0,0,0,0,0,0,0,0,1,1,1,1,0.64,1775,13,0,0,0.07,0.08,0,0,0
1unitest,2.16.46,npm,1,14,1,0,2,16,46,0,2,12,14,1,1,0,4,14,1,1,12,4,1,25,27,5,0,5,8,4,9,0,8,0.97,1,13,1,13,1,8,6,4,5,0,0,1,1,0,0,1,1,0,1,0,0,0,1,0,0.34,44,2,0,1,0.68,0.78,0,0,1
@cewe-designsystem/component_modal,0.15.15,npm,490,10,1,7,0,15,15,0,4,10,19,0,0,0,1,15,1,5,3,1,1,30,2,4,1,7,4,1,2,5,1,0.92,0,9,1,14,1,9,6,1,0,0,0,1,1,0,1,1,1,0,0,1,0,0,0,1,0.08,6,0,0,1,0.73,0.7,1,1,1
react,5.2.43,npm,3021689,367,16,13,5,2,43,0,0,0,0,0,1,0,0,2,0,0,0,0,0,2,2,1,1,0,0,0,2,0,0,0.13,1,0,0,0,0,0,0,0,0,0,0,1,0,0,0,0,0,0,0,0,1,1,1,0,0.82,1814,48,1,0,0.06,0.05,0,0,0
redis,1.7.7,npm,2478195,552,2,27,1,7,7,0,0,0,2,0,0,1,1,3,0,1,0,0,0,0,1,0,1,0,0,1,2,0,0,0.02,1,0,0,0,0,0,1,0,0,0,0,1,0,0,0,0,0,0,0,0,0,1,1,1,0.93,1944,25,1,0,0.07,0.01,0,0,0
PaypalOtpBypass,4.15.23,pypi,341,8,2,2,4,15,23,0,3,9,15,0,1,0,1,12,0,5,12,5,8,4,30,5,0,8,7,7,5,0,3,0.7,1,6,1,18,0,8,1,1,2,0,1,1,0,1,1,0,1,1,0,0,0,0,0,1,0.19,30,2,0,1,0.34,0.78,4,2,1
requires-port,5.3.38,npm,7353867,3331,5,22,5,3,38,0,1,1,2,0,0,0,0,1,0,0,2,0,0,1,0,0,0,0,0,0,0,0,0,0.02,1,1,0,1,1,0,0,0,0,0,0,0,0,0,0,0,0,0,0,0,0,0,1,1,0.84,2798,42,1,0,0.06,0.08,0,0,0
bunyan,3.15.23,npm,7263757,449,15,18,3,15,23,0,0,1,2,1,0,0,0,2,0,0,1,0,0,8,1,0,0,0,0,0,0,0,1,0.11,0,1,0,0,0,0,1,0,0,0,0,0,0,0,0,0,0,0,0,0,1,0,1,0,0.67,2057,10,1,0,0.0,0.03,0,0,0
requires-port,5.2.36,npm,3828,144,6,15,5,2,36,1,0,1,5,0,0,1,2,3,1,0,4,0,0,20,7,0,1,1,1,1,2,1,0,0.24,0,0,0,4,0,0,0,0,0,0,0,0,0,0,0,0,0,0,0,0,1,1,0,0,0.58,2283,18,1,0,0.1,0.14,0,0,0
@financials/using-dep-conf,4.14.2,npm,0,26,1,0,4,14,2,0,3,12,20,1,1,0,6,9,1,0,4,5,2,21,3,6,1,2,3,2,9,2,7,0.73,1,10,1,12,1,7,4,1,5,0,0,1,0,0,1,0,1,0,1,0,0,0,0,0,0.27,26,2,0,1,0.73,0.82,4,0,1
hypothesis,0.15.4,pypi,1038470,3585,5,21,0,15,4,0,0,0,0,1,0,0,1,1,1,0,2,0,0,0,5,0,0,0,0,1,0,0,0,0.05,0,0,0,0,0,0,0,0,0,0,0,0,0,0,0,0,0,0,0,0,1,1,1,1,0.96,719,35,1,0,0.08,0.08,0,0,0
react-router-dom.js,0.3.48,npm,337,7,1,1,0,3,48,0,2,15,16,1,1,1,7,6,1,4,5,1,2,27,7,7,0,6,5,1,7,0,2,0.5,1,14,1,20,1,7,0,4,0,1,0,1,1,0,1,1,0,1,0,0,0,0,1,1,0.24,56,1,0,1,0.86,0.58,4,1,1
dbt-byteshouse,2.17.4,pypi,43921,42,1,8,2,17,4,0,5,4,7,0,0,0,5,14,0,4,12,1,0,4,28,0,1,1,1,8,6,3,0,0.31,0,9,0,9,0,3,3,0,4,0,0,0,0,0,0,0,0,0,1,0,1,1,1,1,0.24,99,0,0,0,0.53,0.72,5,3,1
@callcenter-frontend/helpers,1.9.2,npm,68,12,1,7,1,9,2,1,3,2,4,1,1,1,8,7,1,3,10,5,7,10,4,1,0,3,3,2,6,4,1,0.71,1,1,1,12,0,9,0,3,7,0,0,1,0,1,0,1,0,1,1,0,0,0,0,0,0.31,55,1,0,1,0.39,0.86,1,3,1
ramda,5.8.43,npm,9063,70,20,13,5,8,43,1,1,5,4,0,0,1,1,3,0,0,4,0,0,16,10,0,1,1,1,0,1,1,3,0.2,1,2,0,4,0,0,0,0,0,0,0,0,0,0,0,0,0,0,0,0,1,0,1,1,0.92,975,43,0,0,0.07,0.26,0,0,0
azure-storage-blob,4.18.30,pypi,2942027,3656,3,24,4,18,30,0,1,1,0,0,1,0,0,0,0,1,0,0,0,9,2,1,0,0,0,0,0,0,0,0.08,0,0,0,0,0,0,0,0,0,0,0,0,0,0,0,0,0,0,0,0,1,1,0,0,0.9,635,29,1,0,0.06,0.11,0,0,0
pyyaml,1.5.1,pypi,6101819,3875,14,8,1,5,1,1,1,0,1,0,1,0,0,0,0,0,1,0,0,4,2,0,0,0,0,0,2,0,0,0.04,0,0,0,0,0,0,0,0,0,0,0,0,0,0,0,0,0,0,0,0,0,1,1,0,0.91,1647,15,1,0,0.04,0.04,0,0,0
pyramid,3.4.4,pypi,5193155,1355,19,23,3,4,4,0,0,1,0,0,0,0,0,1,0,1,0,0,0,1,2,0,0,0,0,1,1,1,0,0.11,0,0,0,0,0,0,0,0,0,0,0,0,0,0,0,0,0,0,0,0,0,0,0,0,0.84,2377,5,1,0,0.03,0.0,1,0,0
dependencyrrr,5.11.35,pypi,84,14,2,2,5,11,35,0,4,4,3,0,0,0,2,12,1,5,14,3,3,15,5,10,1,9,2,7,7,1,3,0.62,0,5,1,17,1,10,4,2,6,0,1,0,0,0,1,0,1,1,1,1,0,0,0,0,0.31,42,0,0,1,0.24,0.38,1,3,1
babelcl,2.11.15,npm,21981,168,1,8,2,11,15,1,1,1,3,1,1,0,8,11,0,4,4,2,8,16,15,4,1,0,2,7,9,3,7,0.24,1,13,0,2,0,0,8,3,8,0,0,0,0,0,0,0,0,0,1,0,1,1,0,0,0.52,67,0,1,0,0.91,0.34,2,0,1
cascadev,5.16.16,pypi,181,13,1,0,5,16,16,0,2,4,10,1,1,1,6,12,1,1,9,2,6,20,12,0,1,10,4,2,1,1,1,0.74,1,11,0,8,1,1,5,1,7,1,1,1,0,0,1,1,1,1,0,0,1,1,1,0,0.2,58,0,0,1,0.37,0.46,4,1,1
32red-api-client,5.5.1,npm,177,21,1,0,5,5,1,1,3,5,13,0,1,0,4,7,1,3,12,1,2,26,17,10,1,4,9,6,4,4,3,0.68,1,9,1,12,0,8,2,1,2,1,1,1,0,0,1,1,1,1,0,0,0,0,0,1,0.37,58,0,0,1,0.25,0.66,5,0,1
@aftersale/react-eva,2.14.31,npm,236,2,1,7,2,14,31,0,2,13,6,0,1,0,3,12,0,4,13,3,3,6,22,0,1,5,8,2,8,2,3,0.54,1,1,1,19,1,7,0,5,8,1,1,1,0,1,1,1,1,0,1,0,0,0,0,0,0.31,59,0,0,1,0.88,0.44,0,3,1
puppeteer,1.11.28,npm,4345530,2511,6,16,1,11,28,0,0,0,1,1,0,1,2,1,0,1,1,0,0,4,4,1,0,0,0,0,0,0,0,0.11,1,1,0,0,0,0,0,0,0,0,0,0,0,0,0,0,0,0,0,0,1,1,1,1,0.93,1498,48,0,0,0.04,0.07,0,0,0
rollup,0.14.3,npm,3835,37,17,23,0,14,3,0,1,5,1,1,0,0,4,5,0,1,3,0,0,15,2,1,0,0,0,0,4,0,1,0.28,1,2,0,0,0,0,1,0,0,0,0,0,0,0,0,0,0,0,0,0,0,1,0,0,0.94,1676,8,0,0,0.13,0.13,0,0,0
@bingads-webui-clientcenter/instrumentation,0.11.20,npm,442,15,1,8,0,11,20,0,5,10,20,1,1,1,7,19,1,2,9,4,4,7,15,4,1,7,8,4,3,2,1,0.73,0,4,1,11,0,8,0,5,7,0,0,0,1,0,1,0,0,1,0,0,0,0,1,1,0.17,15,0,0,1,0.75,0.57,3,1,1
@art-ws/config-ts,1.18.27,npm,44622,98,2,0,1,18,27,1,0,3,18,1,0,1,1,4,0,2,10,3,6,4,12,10,1,7,3,8,0,3,6,0.14,1,0,0,6,0,0,5,0,4,0,0,0,0,0,0,0,0,0,0,0,1,1,1,0,0.22,118,2,0,0,0.48,0.14,3,2,1
dasdsajdjsadsad,0.3.24,pypi,496,7,1,8,0,3,24,1,3,14,19,1,0,1,6,12,1,4,3,0,3,22,25,6,0,6,2,8,9,4,7,0.69,1,4,1,2,1,10,2,1,6,1,1,1,0,0,1,0,1,1,0,1,0,0,1,0,0.18,22,1,0,1,0.42,0.95,4,1,1
dasdsajdjsaasddsad,3.15.41,pypi,359,13,1,8,3,15,41,0,4,3,1,1,1,1,8,5,0,1,12,0,3,40,23,2,0,9,6,7,6,0,1,0.65,1,6,1,7,1,8,4,0,1,0,1,1,0,0,1,1,0,0,0,0,0,0,0,1,0.21,8,2,0,1,0.72,0.66,2,1,1
artifact-lab-3-package-a18ff5d9,3.1.15,pypi,118,2,1,0,3,1,15,1,2,8,2,0,0,0,8,8,1,0,7,2,4,20,5,9,1,8,9,1,2,0,5,0.79,1,15,1,13,1,7,4,2,8,0,1,0,0,0,1,1,1,0,0,0,0,0,1,1,0.38,31,1,0,0,0.35,0.39,4,1,1
@cheqplease/structured-logger,3.6.20,npm,9693,105,2,3,3,6,20,1,4,1,14,0,0,0,8,4,1,2,14,1,3,31,24,1,0,0,3,6,8,3,6,0.13,0,13,0,8,0,9,8,5,0,0,0,0,0,0,0,0,0,0,0,0,0,0,0,0,0.49,40,2,1,1,0.89,0.65,3,3,1
compresai,1.18.36,pypi,337,27,1,7,1,18,36,0,1,7,9,1,0,0,4,19,1,3,9,3,1,4,21,5,0,9,1,4,5,4,3,0.98,1,12,1,20,1,8,4,3,3,1,0,1,0,1,1,1,0,1,0,0,1,1,0,0,0.03,41,1,0,0,0.31,0.41,4,0,1
chokidar,3.15.17,npm,6453,101,7,5,3,15,17,1,0,1,2,1,0,0,1,6,0,0,4,0,0,18,4,0,0,0,1,0,4,1,0,0.22,0,1,0,0,0,1,0,0,0,0,0,0,0,0,0,0,0,0,0,0,1,1,1,1,0.74,2375,29,0,0,0.23,0.2,0,0,0
nuxt,1.20.38,npm,2119181,967,20,21,1,20,38,1,1,1,0,0,0,0,2,1,1,0,1,0,0,7,5,0,0,0,1,1,0,0,0,0.08,1,1,0,0,0,0,0,0,0,0,0,0,0,0,0,0,0,0,0,0,1,1,0,1,0.67,1329,18,1,0,0.08,0.02,0,0,0
httplib2,4.9.18,pypi,9614830,1436,8,5,4,9,18,1,0,0,0,0,1,1,0,0,0,0,1,0,0,2,0,1,0,0,1,0,2,0,0,0.02,0,0,0,1,0,0,1,0,0,0,0,0,0,0,0,0,0,0,0,0,1,1,1,0,0.61,990,24,1,0,0.09,0.05,0,0,0
atlasctf-21-prod-07,0.2.9,pypi,433,23,1,8,0,2,9,1,1,7,4,0,1,0,4,12,1,4,2,5,2,15,30,8,1,8,3,5,10,1,8,0.97,0,5,1,14,0,3,8,1,6,0,0,0,1,0,1,0,1,1,1,0,0,0,0,0,0.13,7,1,0,1,0.54,0.8,5,3,1
fastify,3.11.40,npm,5779237,728,14,15,3,11,40,0,0,1,2,0,0,0,1,2,0,0,1,0,0,2,4,0,1,0,0,0,0,1,0,0.05,1,0,0,0,0,0,1,0,0,0,0,1,0,0,0,0,0,0,0,0,1,1,0,0,0.98,2518,14,0,0,0.01,0.04,0,0,0
tqdm,1.1.17,pypi,5275910,3811,19,24,1,1,17,0,0,0,2,0,0,1,0,2,0,1,0,0,0,2,0,0,1,0,0,0,0,1,0,0.11,1,0,0,0,1,0,0,0,0,0,0,0,0,0,0,0,0,0,0,0,1,1,1,1,0.67,2695,47,0,0,0.06,0.0,0,0,0
gunicorn,2.5.18,pypi,5137531,780,7,16,2,5,18,0,1,0,2,0,1,0,0,0,0,0,0,0,0,0,1,0,0,0,0,1,2,0,0,0.12,0,0,0,1,1,0,0,0,0,0,0,1,0,0,0,0,0,0,0,0,1,0,0,0,0.74,1756,8,1,0,0.01,0.02,0,0,0
chokidar,3.13.30,npm,8001535,1637,14,3,3,13,30,0,0,1,0,0,0,0,1,2,1,0,0,0,0,8,0,0,0,0,0,1,2,1,1,0.06,0,0,0,0,0,0,1,0,0,0,0,0,0,0,0,0,0,0,0,0,0,1,1,1,0.65,2038,19,0,0,0.06,0.06,0,0,0
webpack,1.3.8,npm,1468284,717,18,4,1,3,8,0,1,0,1,1,0,0,2,0,1,0,2,0,0,0,5,0,1,0,1,0,1,0,1,0.15,0,1,0,0,0,0,1,0,0,0,0,0,0,0,0,0,0,0,0,0,1,0,1,1,0.67,2381,27,1,0,0.03,0.03,1,0,0
@actbase/react-native-naver-login,0.13.13,npm,2226,136,1,1,0,13,13,0,1,2,0,1,1,0,1,20,0,5,12,3,6,40,11,8,1,7,3,8,0,2,5,0.36,0,11,0,14,0,7,7,1,8,0,0,0,0,0,0,0,0,0,1,0,1,1,1,0,0.24,199,4,0,1,0.51,0.97,0,1,1
vitest,2.13.23,npm,8271327,3462,11,27,2,13,23,0,0,0,0,0,1,0,0,2,0,0,1,0,0,2,5,0,0,0,1,0,1,0,0,0.07,1,1,0,0,1,0,1,0,0,0,0,0,0,0,0,0,0,0,0,0,1,1,1,0,0.97,2107,13,0,0,0.01,0.02,0,0,0
cryptograohy,1.9.21,pypi,48625,120,2,6,1,9,21,0,0,3,12,0,1,0,2,15,0,0,14,1,3,18,10,5,0,5,2,6,6,2,8,0.43,1,6,0,6,1,4,1,0,3,0,0,0,0,0,0,0,0,0,0,0,1,1,1,1,0.36,41,5,1,1,0.92,0.72,1,2,1
npm-run-all,1.14.14,npm,1799021,3153,17,19,1,14,14,0,0,0,0,0,0,0,2,0,0,0,0,0,0,3,2,1,0,0,0,0,2,1,0,0.14,0,1,0,1,1,0,0,0,0,0,0,0,0,0,0,0,0,0,0,0,1,0,1,0,0.99,468,47,1,0,0.04,0.05,0,0,0
tensorflow,2.18.7,pypi,8719396,2376,7,4,2,18,7,0,1,2,1,1,0,0,0,1,1,0,0,0,0,0,3,1,1,0,0,0,2,0,0,0.03,0,0,0,0,1,0,1,0,0,0,0,1,0,0,0,0,0,0,0,0,1,0,0,1,0.64,935,11,1,0,0.1,0.09,0,0,0
controlnot-aux,5.1.25,pypi,224,7,1,3,5,1,25,1,5,4,11,1,0,0,3,19,1,3,6,2,1,37,19,2,1,7,9,8,8,0,6,0.77,1,10,1,15,0,2,4,3,2,1,0,0,0,0,1,0,1,0,1,0,0,0,1,1,0.21,24,0,0,1,0.35,0.74,3,2,1
artifact-lab-3-package-db7d716a,1.10.37,pypi,489,18,1,2,1,10,37,0,1,3,4,1,1,0,6,10,1,0,4,5,7,28,30,1,0,10,1,4,2,0,2,0.67,1,11,1,2,1,5,1,5,7,0,0,1,0,0,1,1,1,1,0,0,1,1,0,1,0.06,52,2,0,0,0.26,0.32,5,0,1
@asyncapi/nodejs-template,4.19.26,npm,198,7,2,4,4,19,26,1,1,10,6,0,1,1,5,20,0,5,10,0,4,36,19,0,1,9,1,3,8,4,1,0.95,0,5,0,10,1,3,7,0,8,1,0,1,0,1,0,1,1,0,0,0,0,0,0,0,0.1,7,0,0,1,0.33,0.4,2,0,1
grpcio,3.0.45,pypi,9688890,438,14,10,3,0,45,0,0,0,1,0,1,0,0,1,0,0,0,0,0,8,1,1,1,0,0,0,1,0,0,0.14,0,0,0,1,1,0,1,0,0,0,0,0,0,0,0,0,0,0,0,0,1,1,0,1,0.7,923,29,0,0,0.04,0.14,0,0,0
crypo,1.14.19,pypi,9183,168,1,4,1,14,19,0,3,1,8,0,1,0,6,19,0,5,12,3,4,16,17,1,0,9,0,5,3,5,7,0.4,1,13,0,13,0,10,1,2,4,0,0,0,0,0,0,0,0,0,0,1,1,1,0,0,0.4,94,2,0,0,0.19,0.81,1,3,1
moment,3.12.16,npm,356797,1787,7,5,3,12,16,0,0,0,1,0,0,0,0,1,0,0,2,0,0,6,0,0,1,0,0,1,0,0,0,0.13,0,0,0,1,1,0,1,0,0,0,0,1,0,0,0,0,0,0,0,0,1,1,1,1,0.62,1190,9,1,0,0.04,0.12,0,0,0
preact,3.7.9,npm,324777,1295,14,17,3,7,9,1,0,1,0,1,0,1,0,1,0,1,0,0,0,4,2,0,0,0,1,1,2,1,0,0.14,0,0,0,1,1,0,0,0,0,0,0,0,0,0,0,0,0,0,0,0,0,1,1,1,0.68,2440,13,0,0,0.1,0.02,0,0,0
artifact-lab-3-package-b55680cd,2.9.17,pypi,431,15,1,4,2,9,17,1,4,15,11,1,1,0,2,9,1,1,15,3,8,35,28,5,0,9,4,2,2,2,7,0.93,1,0,0,8,1,0,3,0,7,0,0,1,0,0,1,1,1,1,1,0,0,0,0,0,0.15,38,1,0,0,0.92,0.62,4,2,1
@asyncapi/html-template,0.18.3,npm,143,4,1,5,0,18,3,0,3,9,20,1,1,1,3,20,1,0,8,4,8,15,19,7,1,5,7,0,7,5,4,0.56,1,10,1,20,1,9,2,4,0,0,0,0,1,0,1,1,1,1,1,0,1,1,1,0,0.1,35,0,0,1,0.75,0.95,1,2,1
artifact-lab-3-package,2.9.5,pypi,292,12,1,7,2,9,5,0,4,13,19,0,1,1,5,4,1,0,14,0,6,24,29,6,1,2,2,3,10,0,7,0.78,0,9,1,3,1,8,2,2,8,1,0,0,0,1,1,1,1,1,0,0,0,0,1,0,0.31,9,0,0,1,0.26,0.69,0,3,1
django,3.10.14,pypi,4387729,1643,7,7,3,10,14,1,0,0,0,0,1,0,0,0,0,0,0,0,0,5,3,1,1,0,0,0,1,1,0,0.06,0,0,0,0,1,0,0,0,0,0,0,0,0,0,0,0,0,0,0,0,0,0,0,1,0.67,1666,9,1,0,0.07,0.12,0,0,0
boostbot,3.18.36,pypi,339,0,1,0,3,18,36,0,4,4,11,1,1,0,6,15,1,3,6,0,8,3,24,8,0,6,8,3,2,5,1,0.54,0,7,0,2,1,3,2,3,1,1,0,1,0,0,0,1,1,1,1,0,1,1,0,0,0.04,1,1,0,1,0.71,0.95,3,1,1
mysql2,5.7.35,npm,4904705,1672,17,11,5,7,35,1,1,0,0,0,0,0,2,2,0,0,0,0,0,3,5,0,0,0,0,1,0,0,0,0.1,0,0,0,1,1,0,0,0,0,0,0,1,0,0,0,0,0,0,0,0,1,1,1,0,0.62,2137,45,1,0,0.04,0.01,0,0,0
chai,0.5.42,npm,510189,2948,19,28,0,5,42,0,0,1,1,1,0,0,0,3,0,1,2,0,0,8,5,1,0,0,0,0,0,1,0,0.12,0,1,0,0,0,0,0,0,0,0,0,1,0,0,0,0,0,0,0,0,1,1,0,1,0.99,1896,31,0,0,0.05,0.01,0,0,0
turbopack,1.12.3,npm,2582214,3362,5,30,1,12,3,1,0,0,2,0,0,0,0,0,0,0,1,0,0,1,1,0,0,0,0,0,0,1,0,0.02,0,1,0,1,1,0,0,0,0,0,0,0,0,0,0,0,0,0,0,0,1,1,1,1,0.83,2132,27,1,0,0.02,0.0,0,0,0
@callcenter-frontend/ui,0.9.5,npm,193,3,1,7,0,9,5,0,1,2,1,0,1,0,1,6,1,4,14,0,7,40,17,4,1,8,10,5,10,3,6,0.64,1,10,1,9,1,10,6,3,0,0,0,0,0,1,1,1,1,0,0,1,0,0,0,1,0.11,44,0,0,1,0.54,0.77,3,3,1
etherdjs,5.9.5,npm,87,3,2,0,5,9,5,0,2,2,3,1,1,0,4,12,0,3,2,2,1,12,11,6,1,3,10,1,3,4,7,0.84,1,2,1,8,1,3,4,3,7,0,1,1,0,0,1,1,1,1,0,0,0,0,0,0,0.18,52,1,0,1,0.81,0.66,4,3,1
@asyncapi/diff,0.7.18,npm,83,17,1,3,0,7,18,1,2,11,2,1,1,0,1,18,0,0,7,0,5,2,12,4,1,9,1,3,6,3,6,0.55,1,3,1,15,1,8,2,0,6,0,1,0,0,0,0,1,1,0,1,0,0,0,0,0,0.32,41,0,0,1,0.32,0.96,4,2,1
mqtt,4.17.41,npm,8814165,2751,9,8,4,17,41,0,0,1,2,0,0,0,0,3,0,0,1,0,0,4,4,0,0,0,0,0,2,0,0,0.13,1,1,0,0,0,0,0,0,0,0,0,0,0,0,0,0,0,0,0,0,1,1,1,1,0.83,1611,27,0,0,0.01,0.09,0,0,0
@asyncapi/optimizer,0.15.23,npm,467,26,2,1,0,15,23,0,1,9,7,1,1,0,8,8,1,2,2,1,1,9,11,5,1,10,1,8,1,1,5,0.6,0,6,1,2,1,8,8,1,3,0,0,0,0,0,0,0,0,1,1,0,0,0,0,0,0.19,5,1,0,1,0.61,0.5,5,3,1
celery,4.17.23,pypi,1962938,1548,3,14,4,17,23,0,0,2,2,0,0,0,0,0,0,1,1,0,0,9,4,0,0,0,0,0,0,1,0,0.04,1,0,0,0,0,0,1,0,0,0,0,0,0,0,0,0,0,0,0,0,1,0,1,1,0.97,694,28,0,0,0.04,0.12,0,0,0
atlasctf-21-prod-03,5.14.4,pypi,351,7,1,2,5,14,4,0,2,8,3,0,0,0,5,17,0,3,13,2,7,19,17,8,1,8,2,1,10,0,7,0.96,1,8,0,4,1,10,0,5,4,1,0,0,1,1,1,0,1,1,1,0,0,0,0,0,0.14,21,1,0,1,0.28,0.41,3,3,1
poetry,0.11.46,pypi,4530794,1879,17,13,0,11,46,1,0,2,1,0,0,0,0,3,0,1,1,0,0,4,3,0,1,0,0,1,0,1,0,0.13,0,0,0,0,0,0,0,0,0,0,0,0,0,0,0,0,0,0,0,0,1,1,0,0,0.96,2710,24,1,0,0.09,0.05,0,0,0
btoocore,4.15.46,pypi,121,22,1,0,4,15,46,0,5,10,16,1,0,1,8,5,1,5,13,4,5,31,17,1,1,10,10,1,4,3,2,0.75,1,1,1,19,1,7,7,4,7,1,1,1,1,0,1,1,0,0,1,1,1,1,0,1,0.31,16,0,0,1,0.55,0.41,0,2,1
loadsh,3.6.9,npm,409,30,1,6,3,6,9,0,2,14,17,1,1,0,5,20,0,3,3,5,3,5,7,4,1,2,1,7,6,2,6,0.87,1,8,1,2,0,1,5,5,3,1,1,1,0,0,1,1,1,1,0,1,1,1,1,0,0.15,18,1,0,1,0.92,0.89,5,2,1
zustand.js,2.7.24,npm,291,26,2,7,2,7,24,0,3,6,6,1,1,1,8,8,0,4,2,0,1,2,14,2,1,4,8,1,3,0,4,0.62,1,11,0,17,0,0,0,4,8,0,0,0,0,0,0,1,1,1,0,0,0,0,0,0,0.21,15,0,0,1,0.59,0.85,2,3,1
sucrase,1.4.25,npm,5469379,1289,4,5,1,4,25,1,0,2,2,0,1,1,0,0,0,0,0,0,0,0,4,0,0,0,0,1,0,0,1,0.01,0,0,0,1,0,0,0,0,0,0,0,1,0,0,0,0,0,0,0,0,0,1,0,1,0.93,2806,10,1,0,0.09,0.14,0,0,0
atlasctf-21-prod-01,2.9.30,pypi,150,8,1,7,2,9,30,1,4,5,2,1,0,1,8,13,1,2,3,0,6,13,13,5,0,2,5,6,8,1,2,0.61,1,13,0,17,1,2,4,1,7,0,0,1,0,1,0,1,1,0,0,1,1,1,1,0,0.06,47,1,0,0,0.47,0.89,1,0,1
paramiko,1.19.24,pypi,7854,30,13,13,1,19,24,0,1,3,2,0,0,0,1,7,1,0,5,0,0,19,7,0,1,0,1,0,3,0,1,0.18,0,2,0,5,1,0,0,0,0,0,0,0,0,0,0,0,0,0,0,0,1,1,0,1,0.71,909,9,0,0,0.06,0.18,1,0,0
pipenv,1.2.49,pypi,4580705,1098,5,19,1,2,49,1,1,2,0,1,0,0,1,0,0,0,1,0,0,3,4,0,1,0,0,0,0,0,0,0.02,0,0,0,0,1,0,1,0,0,0,0,0,0,0,0,0,0,0,0,0,0,1,1,1,0.94,2136,9,1,0,0.08,0.06,0,0,0
react-router-dom,4.6.33,npm,8434,79,10,26,4,6,33,0,1,1,2,0,1,0,4,6,0,0,4,0,0,5,9,1,1,0,1,0,1,0,0,0.2,0,3,0,3,0,0,1,0,0,0,0,0,0,0,0,0,0,0,0,0,0,1,0,0,0.93,1563,6,1,1,0.1,0.23,0,0,0
@espace-client-axafr/rib,2.20.1,npm,16,10,1,3,2,20,1,1,3,7,2,1,1,0,1,14,0,3,11,5,2,37,16,2,1,1,1,1,1,3,4,0.71,1,13,1,11,1,0,0,0,3,1,1,1,0,1,0,1,1,1,0,0,0,0,1,1,0.06,28,0,0,1,0.94,0.55,1,2,1
axios,1.19.40,npm,8160494,3533,17,20,1,19,40,1,0,0,1,0,0,0,0,3,0,0,2,0,0,5,0,1,0,0,0,0,2,0,0,0.09,1,0,0,0,0,0,1,0,0,0,0,0,0,0,0,0,0,0,0,0,1,0,1,0,1.0,1760,10,1,0,0.08,0.12,0,0,0
lodash,2.7.30,npm,8637550,569,15,24,2,7,30,1,0,0,1,0,1,1,0,3,1,1,1,0,0,2,4,0,1,0,0,0,1,0,0,0.02,1,0,0,1,1,0,1,0,0,0,0,0,0,0,0,0,0,0,0,0,0,0,1,1,0.62,2771,39,1,0,0.08,0.1,0,0,0
@chkpkit/box,1.15.47,npm,393,30,1,0,1,15,47,0,1,5,3,1,0,1,2,7,1,3,5,5,6,4,1,3,0,5,7,2,4,2,3,0.91,1,7,0,8,1,2,4,0,0,1,0,1,0,0,0,1,1,0,0,0,1,1,0,1,0.39,39,1,0,1,0.25,0.4,1,1,1
fastapi,4.12.22,pypi,4776023,2060,12,27,4,12,22,0,0,0,0,0,0,0,1,0,1,1,2,0,0,9,1,1,0,0,0,0,1,1,0,0.1,0,1,0,0,0,0,0,0,0,0,0,0,0,0,0,0,0,0,0,0,1,1,1,1,0.84,2415,29,0,0,0.06,0.07,0,0,0
atlasctf-21-prod-29,1.17.24,pypi,355,11,1,3,1,17,24,1,3,12,5,1,0,0,5,7,1,1,13,0,8,6,6,8,1,9,4,5,8,4,8,0.66,1,10,1,13,0,7,7,2,6,1,1,1,0,0,0,0,1,0,0,0,1,1,0,0,0.36,36,0,0,1,0.39,0.36,0,2,1
hypothesis,2.6.46,pypi,9252132,2007,6,9,2,6,46,1,1,0,2,0,1,0,1,3,0,0,0,0,0,5,2,0,0,0,0,0,1,0,1,0.07,0,0,0,0,1,0,0,0,0,0,0,0,0,0,0,0,0,0,0,0,1,0,1,1,0.91,1652,15,1,0,0.07,0.05,1,0,0
numpy,0.0.32,pypi,3719073,2948,14,13,0,0,32,1,0,0,1,0,0,0,0,3,1,0,2,0,0,0,5,1,1,0,1,0,0,1,0,0.08,1,1,0,1,1,0,0,0,0,0,0,0,0,0,0,0,0,0,0,0,1,1,1,0,0.75,1980,17,0,0,0.0,0.0,0,0,0
reequest,3.20.50,npm,38,26,1,4,3,20,50,1,4,6,8,0,1,1,2,13,1,0,11,4,8,29,7,5,0,5,5,8,5,3,6,0.93,1,13,1,10,0,10,8,1,0,1,1,1,0,1,0,1,1,1,0,1,0,0,1,1,0.29,3,2,0,0,0.47,0.4,1,2,1
vite,2.2.23,npm,6711660,1018,3,20,2,2,23,0,0,0,0,0,1,0,0,0,0,0,0,0,0,1,3,1,0,0,0,0,0,0,0,0.03,0,1,0,0,1,0,0,0,0,0,0,0,0,0,0,0,0,0,0,0,1,1,0,1,0.76,2908,26,0,0,0.03,0.14,0,0,0
compressi,1.4.3,pypi,334,11,1,5,1,4,3,0,1,12,4,1,0,0,5,20,1,3,13,4,6,4,3,4,1,6,10,6,2,3,2,0.52,1,15,0,5,1,5,8,3,8,0,1,0,0,0,1,1,1,1,0,0,0,0,0,0,0.24,20,1,0,1,0.63,0.72,1,3,1
@espace-client-axafr/atp-digital,1.8.36,npm,438,7,1,8,1,8,36,0,1,5,14,0,1,0,7,11,0,5,10,3,8,25,17,0,1,4,1,0,5,3,8,0.94,1,0,1,8,1,1,0,5,3,1,0,0,0,0,0,1,1,0,1,1,0,0,0,0,0.19,51,0,0,1,0.8,0.94,2,1,1
ctftestsowwy,0.19.13,pypi,49486,199,2,2,0,19,13,0,4,3,4,1,1,0,5,4,0,0,8,1,4,27,21,5,1,9,1,5,0,0,5,0.22,0,15,0,1,0,6,0,4,6,0,0,0,0,0,0,0,0,0,1,1,1,1,0,0,0.06,119,1,0,0,0.94,0.2,3,3,1
google-cloud-storage,4.0.43,pypi,9261379,1865,2,8,4,0,43,0,1,2,1,0,0,0,2,1,0,0,1,0,0,9,0,0,1,0,0,1,1,1,0,0.12,1,1,0,0,0,0,0,0,0,0,0,1,0,0,0,0,0,0,0,0,1,1,1,0,0.88,1372,39,1,0,0.07,0.14,0,0,0
@douinfe/semi-theme-default,4.20.31,npm,252,25,1,0,4,20,31,0,1,13,15,0,1,0,7,16,0,2,7,4,4,2,21,3,1,5,5,4,2,2,5,0.59,1,0,0,12,1,6,0,1,3,0,0,1,1,1,0,1,0,1,0,1,0,0,1,1,0.36,29,1,0,1,0.24,0.65,4,2,1
discord.js,2.5.29,npm,1112009,2529,17,18,2,5,29,1,0,0,0,1,0,0,0,0,0,0,0,0,0,9,1,0,1,0,1,1,2,0,0,0.07,0,0,0,1,0,0,1,0,0,0,0,0,0,0,0,0,0,0,0,0,1,1,0,1,0.67,433,48,1,0,0.02,0.06,0,0,0
bytedplus,2.10.3,pypi,14,18,1,5,2,10,3,0,1,7,14,1,1,0,6,4,1,1,5,5,5,39,3,1,1,2,10,5,3,0,6,0.52,0,14,1,15,0,4,0,5,7,1,0,1,1,1,1,1,0,1,0,1,0,0,0,0,0.2,51,2,0,1,0.32,0.5,3,1,1
@dp-bpsc-tiktok/ranking,3.10.33,npm,81,13,2,4,3,10,33,1,2,10,11,1,0,0,1,16,0,5,14,4,3,3,20,8,0,10,2,6,1,5,3,0.62,1,11,0,9,1,4,3,4,3,1,0,1,0,0,0,0,1,0,1,1,0,0,0,0,0.18,38,0,0,0,0.31,0.48,1,0,1
@crowdstrike/falcon-shoelace,0.14.11,npm,17908,100,1,2,0,14,11,1,5,1,1,0,0,1,0,6,1,4,14,3,5,4,18,3,0,4,1,4,0,5,5,0.2,1,1,0,19,0,5,1,0,8,0,0,0,0,0,0,0,0,0,0,0,1,1,0,0,0.12,176,2,1,0,0.65,0.87,1,0,1
@captivateiq/random,1.6.35,npm,36866,195,2,1,1,6,35,0,2,2,19,1,1,0,5,10,0,5,2,3,5,33,21,2,1,3,1,4,7,2,5,0.23,0,11,0,5,0,5,0,0,3,0,0,0,0,0,0,0,0,0,1,0,1,1,0,1,0.32,131,4,0,0,0.18,0.73,5,3,1
stylelint,0.8.41,npm,9925509,2207,9,22,0,8,41,0,0,0,1,0,0,1,1,1,0,0,0,0,0,6,2,0,0,0,0,0,1,0,0,0.13,0,0,0,0,1,0,1,0,0,0,0,0,0,0,0,0,0,0,0,0,1,1,0,0,0.61,1492,15,0,0,0.08,0.04,0,0,0
nanoid,1.9.34,npm,7191064,1566,11,24,1,9,34,0,1,0,1,1,0,0,1,3,0,1,1,0,0,1,3,0,1,0,0,0,2,0,0,0.01,0,0,0,0,1,0,0,0,0,0,0,0,0,0,0,0,0,0,0,0,1,1,1,1,0.99,1732,23,0,0,0.02,0.03,0,0,0
beautifulsoup4,2.17.27,pypi,9082916,2893,19,17,2,17,27,0,1,0,2,0,0,0,1,2,0,1,0,0,0,1,0,1,0,0,1,0,0,1,0,0.12,0,1,0,0,1,0,0,0,0,0,0,0,0,0,0,0,0,0,0,0,1,1,1,1,0.77,618,17,1,0,0.05,0.12,1,0,0
boto3,3.8.8,pypi,2485189,1224,6,8,3,8,8,0,1,0,0,0,0,0,1,1,0,0,2,0,0,5,3,0,0,0,0,0,1,0,0,0.15,0,0,0,0,1,0,1,0,0,0,0,1,0,0,0,0,0,0,0,0,1,1,0,1,0.81,1477,28,1,0,0.08,0.04,0,0,0
meow,0.7.12,npm,5251396,2238,8,23,0,7,12,0,0,1,1,0,1,1,2,0,0,1,2,0,0,5,5,1,0,0,1,0,2,0,0,0.04,0,1,0,1,0,0,0,0,0,0,0,0,0,0,0,0,0,0,0,0,1,0,1,1,1.0,1602,16,1,0,0.01,0.03,0,0,0
ramda,2.17.30,npm,7151191,1052,4,27,2,17,30,0,0,0,0,0,1,0,0,1,0,0,0,0,0,5,1,0,1,0,0,0,0,1,0,0.04,0,0,0,0,0,0,0,0,0,0,0,0,0,0,0,0,0,0,0,0,1,1,1,1,0.78,815,48,0,0,0.02,0.09,0,0,0
artifact-lab-3-package-438d82fc,3.2.15,pypi,307,3,2,3,3,2,15,0,2,7,5,0,0,0,5,17,1,2,15,4,1,33,18,5,1,2,10,5,9,3,8,0.89,1,8,0,13,0,5,4,0,0,1,1,0,0,0,1,1,1,1,1,0,0,0,0,1,0.35,54,1,0,1,0.21,0.95,2,2,1
prettier,0.13.29,npm,2710952,616,18,12,0,13,29,0,0,0,0,0,0,0,1,1,1,0,1,0,0,8,0,1,0,0,1,0,1,0,0,0.12,0,1,0,0,0,0,0,0,0,0,0,0,0,0,0,0,0,0,0,0,1,0,1,1,0.96,435,18,1,0,0.05,0.03,0,0,0
artifact-lab-3-package-24ddbc49,1.13.34,pypi,26131,50,1,8,1,13,34,1,5,5,14,0,0,0,4,2,0,3,8,2,0,40,22,5,1,6,2,5,10,2,0,0.16,1,8,0,5,1,5,6,0,7,0,0,0,0,0,0,0,0,0,0,0,1,1,0,1,0.07,39,4,1,0,0.25,0.57,1,1,1
request,1.9.33,npm,9117211,1133,16,3,1,9,33,0,1,2,1,0,0,0,1,1,1,0,0,0,0,8,3,1,0,0,0,0,0,0,1,0.1,0,0,0,1,1,0,0,0,0,0,0,1,0,0,0,0,0,0,0,0,1,1,0,1,0.84,2378,37,0,0,0.03,0.14,0,0,0
@art-ws/openapi,2.16.35,npm,49701,98,2,4,2,16,35,0,0,2,16,1,1,0,7,5,0,4,6,2,6,39,29,0,1,1,1,5,0,1,6,0.14,0,10,0,10,0,2,5,2,2,0,0,0,0,0,0,0,0,0,0,1,0,0,0,0,0.26,187,3,1,1,0.44,0.83,2,2,1
@crowdstrike/logscale-file-editor,3.9.16,npm,313,26,2,2,3,9,16,0,4,10,5,1,0,0,3,4,1,1,2,3,5,12,23,7,1,2,6,7,1,3,6,0.88,1,14,1,5,1,1,5,0,3,0,0,0,0,0,1,0,1,1,0,0,0,0,0,0,0.31,43,0,0,1,0.22,0.76,5,0,1
lodash,2.4.41,npm,5337324,1796,20,4,2,4,41,0,1,2,0,0,0,0,1,0,0,0,0,0,0,7,1,0,0,0,0,0,2,0,0,0.02,1,0,0,0,0,0,0,0,0,0,0,0,0,0,0,0,0,0,0,0,0,1,1,1,0.7,2899,6,1,0,0.0,0.05,0,0,0
babel-cli,1.0.27,npm,8160038,1479,14,4,1,0,27,0,0,1,0,0,0,0,0,3,0,0,2,0,0,8,4,0,0,0,1,1,2,0,0,0.05,0,0,0,0,1,0,0,0,0,0,0,0,0,0,0,0,0,0,0,0,1,1,1,1,0.93,995,29,1,0,0.1,0.05,0,0,0
swc,5.11.48,npm,9278299,1954,9,24,5,11,48,0,0,2,1,0,0,0,1,0,0,0,1,0,0,6,2,0,0,0,0,1,0,0,0,0.1,0,1,0,0,0,0,1,0,0,0,0,0,0,0,0,0,0,0,0,0,1,1,1,1,0.73,768,11,0,0,0.06,0.11,1,0,0
eslint-config-airbnb,5.4.47,npm,268871,887,10,25,5,4,47,0,0,0,0,0,1,1,1,1,0,0,1,0,0,3,0,0,1,0,0,0,2,0,0,0.01,1,0,0,0,0,0,0,0,0,0,0,0,0,0,0,0,0,0,0,0,1,1,1,1,0.78,1994,40,0,0,0.06,0.03,0,0,0
cryptography,2.3.2,pypi,9828826,702,7,15,2,3,2,1,0,0,1,0,0,0,0,0,1,1,1,0,0,2,5,1,1,0,0,0,2,0,1,0.15,0,0,0,0,0,0,1,0,0,0,0,0,0,0,0,0,0,0,0,0,0,0,1,0,0.72,2007,29,0,0,0.08,0.13,0,0,0
seaborn,5.3.10,pypi,947098,1200,12,10,5,3,10,1,0,0,2,0,1,0,0,2,0,1,0,0,0,4,1,0,1,0,1,0,1,0,0,0.08,0,0,0,0,1,0,0,0,0,0,0,0,0,0,0,0,0,0,0,0,1,1,1,0,0.79,961,15,0,0,0.01,0.14,0,0,0
passlib,3.1.29,pypi,9964917,2606,11,13,3,1,29,0,0,2,0,1,1,1,0,2,0,0,1,0,0,4,5,0,0,0,0,0,2,0,0,0.04,0,0,0,0,0,0,0,0,0,0,0,1,0,0,0,0,0,0,0,0,1,0,1,1,0.92,1485,37,1,0,0.09,0.0,0,0,0
solid-js,0.5.10,npm,9429882,2861,12,8,0,5,10,1,0,2,0,0,0,0,0,1,0,0,0,0,0,2,2,0,1,0,1,0,0,0,0,0.14,0,0,0,0,0,0,0,0,0,0,0,1,0,0,0,0,0,0,0,0,0,0,1,0,0.88,2117,32,1,0,0.09,0.0,1,0,0
nodemon,1.13.22,npm,9272351,1702,6,9,1,13,22,0,0,2,0,0,0,0,2,0,1,0,1,0,0,9,1,0,0,0,0,1,1,0,0,0.08,0,0,0,1,1,0,0,0,0,0,0,1,0,0,0,0,0,0,0,0,0,1,1,1,0.65,1517,36,1,0,0.09,0.02,0,0,0
@ensdomains/ccip-read-worker-viem,2.7.41,npm,46,0,1,7,2,7,41,0,2,4,13,1,1,1,8,3,0,3,13,2,1,20,14,4,1,10,8,8,10,1,2,0.74,1,1,1,13,1,1,6,2,7,1,0,1,0,0,1,1,1,0,1,1,0,0,0,0,0.39,15,2,0,0,0.69,0.8,4,1,1
@espace-client-axafr/dashboard-detail-card,2.1.39,npm,500,20,1,2,2,1,39,0,3,13,13,1,1,0,2,10,1,3,12,0,6,31,15,10,1,8,9,1,2,1,2,0.53,1,13,0,14,1,1,5,2,7,0,1,1,1,0,1,1,0,1,0,0,0,0,0,1,0.09,36,0,0,1,0.78,0.34,2,3,1
simplemde,3.5.38,npm,8989702,3070,7,22,3,5,38,1,0,2,1,0,0,0,0,3,0,0,2,0,0,7,0,1,0,0,1,0,0,0,1,0.09,0,1,0,0,0,0,1,0,0,0,0,0,0,0,0,0,0,0,0,0,1,1,0,1,0.92,1350,6,1,0,0.09,0.08,0,0,0
redis,5.18.43,pypi,8974347,3532,14,3,5,18,43,0,0,2,0,1,1,0,2,1,0,0,0,0,0,9,4,1,0,0,0,0,0,1,0,0.09,0,1,0,0,0,0,0,0,0,0,0,0,0,0,0,0,0,0,0,0,1,1,1,0,0.84,1877,47,1,0,0.03,0.02,0,0,0
psycopg2,4.2.16,pypi,8791,139,11,3,4,2,16,0,1,5,5,0,0,1,3,4,0,0,2,1,0,12,11,0,0,0,2,0,0,0,0,0.16,0,2,0,4,0,1,0,0,0,0,0,0,0,0,0,0,0,0,0,0,1,1,1,0,0.54,2905,29,1,1,0.19,0.28,0,0,0
mongoose,5.13.24,npm,697,90,14,29,5,13,24,0,1,4,4,1,0,1,0,4,1,1,2,0,0,17,2,0,0,0,0,0,2,0,0,0.39,0,2,0,1,1,0,0,0,0,0,0,1,0,0,0,0,0,0,0,0,1,1,1,1,0.9,1394,28,0,0,0.16,0.21,0,0,0
mongoose,0.13.4,npm,636563,794,8,13,0,13,4,0,0,2,1,0,0,0,0,1,0,0,1,0,0,3,0,0,0,0,0,1,2,0,0,0.09,0,1,0,0,0,0,1,0,0,0,0,0,0,0,0,0,0,0,0,0,1,0,1,0,0.9,1306,40,1,0,0.08,0.14,1,0,0
@espace-client-axafr/remboursements,1.15.0,npm,21919,160,2,4,1,15,0,0,3,1,10,1,1,1,2,7,0,1,4,2,8,21,11,8,1,1,0,4,9,1,2,0.29,0,5,0,6,1,2,2,4,2,0,0,0,0,0,0,0,0,0,0,1,0,0,1,1,0.36,136,5,1,0,0.89,0.52,2,2,1
winston,0.12.16,npm,8918030,873,10,30,0,12,16,0,1,0,2,1,0,0,2,1,0,0,1,0,0,3,1,1,0,0,0,0,2,0,1,0.13,0,1,0,1,1,0,1,0,0,0,0,0,0,0,0,0,0,0,0,0,0,1,1,1,0.7,2084,48,0,0,0.04,0.11,1,0,0
artifact-lab-3-package-153c1c1a,5.3.42,pypi,419,1,1,2,5,3,42,1,5,4,7,1,1,0,7,5,1,2,8,5,3,27,15,1,1,7,5,2,9,1,2,0.62,1,6,1,13,1,6,2,2,6,0,0,1,0,0,1,0,1,0,1,1,0,0,1,0,0.13,5,1,0,1,0.78,0.4,1,2,1
jsmsha3,0.10.20,npm,205,24,1,0,0,10,20,1,5,8,10,1,1,1,5,13,1,0,15,2,3,27,15,10,0,9,1,7,6,5,7,0.58,1,9,0,3,1,6,2,4,8,0,0,0,0,0,1,0,0,0,1,1,0,0,0,0,0.33,19,2,0,1,0.94,0.38,0,2,1
artifact-lab-3-package-1f7a39bc,1.1.8,pypi,457,0,1,5,1,1,8,0,5,11,16,1,0,1,8,19,1,2,11,4,3,6,15,6,1,7,9,1,10,0,3,0.68,1,3,0,17,1,0,8,2,0,0,0,1,1,0,0,0,1,0,1,1,1,1,0,1,0.37,32,1,0,1,0.66,0.67,0,3,1
bcrypt,4.20.29,pypi,5601591,3584,6,9,4,20,29,0,0,0,0,0,0,1,0,1,0,1,0,0,0,6,2,1,1,0,0,0,2,0,1,0.1,1,1,0,1,0,0,0,0,0,0,0,0,0,0,0,0,0,0,0,0,1,0,1,0,0.6,1085,15,1,0,0.01,0.08,0,0,0
atlasctf-21-prod-11,3.3.34,pypi,4347,111,1,7,3,3,34,0,3,1,6,0,1,1,3,20,0,2,10,0,6,9,24,7,1,3,3,7,0,2,6,0.42,1,8,0,15,0,5,8,3,8,0,0,0,0,0,0,0,0,0,0,1,0,0,0,0,0.52,93,2,1,1,0.58,0.37,3,0,1
@espace-client-axafr/savings-card,5.9.30,npm,458,9,2,5,5,9,30,1,1,14,16,0,0,1,2,12,0,3,11,1,8,24,3,5,0,10,10,3,10,4,4,0.98,1,6,0,4,0,10,1,4,6,0,0,1,0,0,1,0,1,1,0,0,0,0,0,0,0.11,22,1,0,1,0.86,0.36,5,3,1
aliyun-ai-labs-snippets-sdk,1.17.26,pypi,148,27,1,2,1,17,26,0,4,15,4,1,1,1,2,6,1,3,8,5,2,12,3,5,0,6,8,3,10,3,2,0.71,1,13,1,17,1,9,4,5,6,0,0,1,1,1,1,1,0,1,0,0,0,0,0,0,0.2,40,0,0,0,0.27,0.34,0,3,1
passport,0.16.36,npm,3774585,1454,15,7,0,16,36,0,0,0,2,0,1,0,2,0,0,0,1,0,0,1,1,0,1,0,0,0,1,0,0,0.08,1,0,0,0,0,0,0,0,0,0,0,1,0,0,0,0,0,0,0,0,1,1,1,1,0.62,1407,23,1,0,0.05,0.06,0,0,0
colorsapi,5.15.27,pypi,19002,118,2,0,5,15,27,0,2,4,11,0,0,1,1,13,1,5,2,2,4,29,13,0,0,4,1,1,6,0,3,0.49,1,8,0,9,0,0,5,4,7,0,0,0,0,0,0,0,0,0,0,0,1,1,0,1,0.41,77,2,0,1,0.44,0.26,2,2,1
husky,1.13.15,npm,7822420,3102,7,29,1,13,15,0,1,0,0,0,1,1,0,2,0,1,2,0,0,0,5,1,1,0,1,0,0,0,0,0.11,0,0,0,1,1,0,0,0,0,0,0,0,0,0,0,0,0,0,0,0,1,1,0,1,0.63,2996,8,0,0,0.09,0.01,0,0,0
coverage,1.15.39,pypi,5877959,3440,7,11,1,15,39,0,0,0,0,0,0,0,1,3,0,0,0,0,0,3,2,1,0,0,0,0,0,0,0,0.12,0,1,0,1,0,0,0,0,0,0,0,1,0,0,0,0,0,0,0,0,1,1,0,1,0.72,1894,6,1,0,0.08,0.11,0,0,0
@alaska-its/design-tokens,1.2.26,npm,188,5,1,0,1,2,26,0,5,15,20,1,0,0,4,11,1,0,8,4,7,40,9,2,0,6,10,2,10,0,1,0.7,1,14,1,17,1,3,3,1,4,0,1,1,1,0,1,0,1,0,0,1,1,1,0,0,0.07,50,0,0,0,0.42,0.48,4,3,1
esbuild,0.12.8,npm,59619,1541,19,20,0,12,8,1,1,2,2,0,1,0,2,1,1,0,0,0,0,3,0,1,0,0,1,0,0,1,0,0.07,1,0,0,0,0,0,0,0,0,0,0,1,0,0,0,0,0,0,0,0,1,1,1,1,0.91,967,31,1,0,0.08,0.11,0,0,0
keras,5.6.1,pypi,6046787,1951,16,20,5,6,1,0,0,1,2,0,1,0,0,3,0,0,2,0,0,0,0,0,1,0,0,0,2,0,1,0.04,0,0,0,0,0,0,0,0,0,0,0,0,0,0,0,0,0,0,0,0,1,1,0,0,0.98,1976,33,1,0,0.07,0.14,1,0,0
import-mysql,2.4.44,npm,168,28,2,6,2,4,44,0,1,10,18,1,0,0,8,6,1,2,12,2,7,5,21,10,0,6,8,8,6,0,8,0.7,1,6,0,19,1,6,3,2,6,0,1,1,0,1,0,1,1,1,0,0,0,0,0,0,0.01,37,0,0,1,0.49,0.84,5,2,1
mongoose,1.2.3,npm,213120,1973,2,9,1,2,3,0,0,0,1,0,0,0,0,3,0,1,2,0,0,4,0,0,1,0,0,0,0,0,1,0.04,0,1,0,1,0,0,1,0,0,0,0,0,0,0,0,0,0,0,0,0,1,1,1,0,0.83,965,5,1,0,0.04,0.0,1,0,0
celery,0.11.48,pypi,87773,1905,7,10,0,11,48,0,0,0,0,0,1,0,0,2,1,0,2,0,0,4,3,1,0,0,0,0,0,0,1,0.08,0,0,0,1,0,0,0,0,0,0,0,0,0,0,0,0,0,0,0,0,1,1,1,0,0.84,1547,37,0,0,0.1,0.02,0,0,0
backwwi,0.3.10,pypi,462,4,1,7,0,3,10,1,2,9,7,1,1,0,1,13,0,0,12,5,7,28,28,7,1,10,8,8,5,0,8,0.87,1,15,1,20,0,3,0,4,0,0,1,1,0,0,1,1,1,0,0,1,1,1,0,0,0.28,1,0,0,1,0.74,0.62,3,1,1
express,1.5.49,npm,1773,125,20,4,1,5,49,0,1,3,4,0,0,0,1,4,0,0,2,0,0,5,4,0,0,0,1,0,1,0,2,0.34,0,0,0,0,1,1,0,0,0,0,0,0,0,0,0,0,0,0,0,0,1,1,0,0,0.95,1025,26,1,1,0.21,0.22,0,0,0
@erfix/frontend-logger,1.8.48,npm,360,25,1,5,1,8,48,0,2,14,15,0,1,1,8,19,1,4,8,4,7,39,4,5,1,8,9,2,5,4,2,0.9,1,10,0,9,1,1,2,2,2,1,0,1,0,1,1,0,1,1,1,1,0,0,0,1,0.07,18,0,0,0,0.44,0.61,0,2,1
js-sha3,3.1.27,npm,3914,94,9,16,3,1,27,0,1,2,2,0,0,1,0,2,1,1,5,1,0,11,4,0,1,0,0,0,1,0,1,0.3,1,2,0,2,0,0,0,0,0,0,0,0,0,0,0,0,0,0,0,0,1,1,1,1,0.89,904,33,1,1,0.1,0.21,0,0,0
atlasctf-21-prod-17,5.2.23,pypi,417,10,1,6,5,2,23,1,4,8,14,1,0,0,1,8,0,3,11,3,8,13,20,6,1,10,8,0,3,3,8,0.59,0,13,1,3,1,4,5,0,8,1,1,1,0,0,1,1,1,1,1,0,1,1,1,1,0.29,30,1,0,1,0.71,0.56,4,0,1
django,2.7.17,pypi,6200439,1429,20,23,2,7,17,0,0,0,2,0,0,0,0,1,0,1,2,0,0,8,0,0,0,0,0,0,2,0,0,0.07,0,0,0,0,0,0,0,0,0,0,0,1,0,0,0,0,0,0,0,0,1,1,0,1,0.69,742,42,0,0,0.06,0.12,0,0,0
detectron4,0.3.49,pypi,365,7,1,7,0,3,49,1,1,5,17,1,1,0,5,13,1,5,13,0,2,18,16,10,1,4,1,5,1,5,4,0.69,0,7,1,15,1,0,2,2,1,0,0,0,0,1,1,1,0,1,0,0,1,1,0,0,0.04,39,1,0,1,0.25,0.54,1,0,1
@bingads-webui-cc-react/edit-primary-contact,0.17.45,npm,20379,62,1,8,0,17,45,0,3,3,16,0,0,1,3,1,0,5,12,2,8,40,25,2,1,8,3,8,0,4,5,0.45,1,7,0,16,0,5,2,0,2,0,0,0,0,0,0,0,0,0,1,1,1,1,0,1,0.09,186,3,0,0,0.14,0.95,3,2,1
@awan_7715/model-viewer-space-opera,5.0.45,npm,168,6,1,6,5,0,45,0,5,5,7,1,0,1,5,5,1,5,14,3,6,22,7,3,0,8,9,7,1,2,7,0.73,0,3,1,7,1,9,6,1,0,0,0,1,0,1,1,0,1,0,1,1,0,0,0,0,0.26,4,1,0,0,0.82,0.58,2,2,1
tox,1.14.29,pypi,7649514,905,15,9,1,14,29,0,0,2,0,0,0,0,0,2,0,0,2,0,0,1,0,0,0,0,0,0,0,0,0,0.09,1,1,0,0,1,0,0,0,0,0,0,0,0,0,0,0,0,0,0,0,1,1,1,1,0.87,1163,10,1,0,0.0,0.05,0,0,0
advpruebitaa4,5.6.0,pypi,326,30,1,5,5,6,0,1,4,2,8,1,1,1,2,14,1,3,12,5,2,26,10,9,0,3,6,8,10,5,1,0.97,1,15,0,11,0,2,7,0,7,1,1,0,0,0,0,1,1,0,0,0,0,0,0,0,0.37,20,1,0,1,0.37,0.48,3,0,1
@asyncapi/converter,0.8.49,npm,404,27,1,4,0,8,49,1,5,15,16,1,1,1,8,14,1,4,14,4,7,31,30,5,0,4,1,6,4,3,1,0.71,1,15,1,14,0,10,2,3,0,0,1,1,0,0,1,0,1,1,0,1,0,0,0,0,0.35,9,0,0,1,0.79,0.48,4,3,1
bytedsp,0.13.22,pypi,358,2,1,4,0,13,22,0,2,3,5,1,1,0,8,15,1,0,12,5,3,24,4,2,1,7,8,8,3,5,4,0.77,0,0,1,16,0,8,6,1,3,0,0,0,0,0,1,0,0,1,0,1,0,0,0,0,0.08,6,2,0,0,0.53,0.76,0,1,1
@ensdomains/react-ens-address,1.20.19,npm,314,17,1,2,1,20,19,1,5,11,20,1,1,0,1,5,0,5,14,4,5,15,25,9,1,10,10,0,8,5,5,0.55,1,15,0,14,1,7,1,5,0,0,0,1,1,1,0,1,1,0,0,1,0,0,0,1,0.4,22,1,0,0,0.77,0.65,0,2,1
@ctrl/golang-template,2.9.7,npm,49,21,1,8,2,9,7,1,3,7,8,1,0,1,7,5,0,1,12,5,2,4,19,10,0,4,6,7,2,0,6,0.51,1,15,0,19,1,0,2,1,6,1,1,1,0,0,1,1,1,0,0,0,0,0,1,0,0.21,60,2,0,0,0.33,0.49,1,2,1
EZBEAMER,5.20.4,pypi,275,0,1,6,5,20,4,1,3,12,13,1,1,0,2,17,1,1,9,0,4,3,25,4,1,6,2,3,2,4,5,0.95,1,7,1,13,1,4,7,5,3,0,0,1,1,0,1,1,1,1,0,1,1,1,0,1,0.3,43,2,0,1,0.62,0.34,1,0,1
mocha,5.17.29,npm,1754402,3771,10,16,5,17,29,0,1,2,0,0,0,1,1,1,1,0,2,0,0,7,5,0,0,0,0,0,0,0,0,0.14,0,1,0,1,0,0,0,0,0,0,0,1,0,0,0,0,0,0,0,0,1,1,0,0,0.9,1378,34,0,0,0.06,0.07,0,0,0
hpp,1.0.47,npm,6971821,2633,10,27,1,0,47,0,0,2,0,1,0,0,0,2,1,0,0,0,0,9,0,1,0,0,1,0,0,1,0,0.03,0,1,0,0,0,0,0,0,0,0,0,0,0,0,0,0,0,0,0,0,1,1,1,0,0.69,691,6,1,0,0.04,0.08,0,0,0
arangodb-driver,3.5.22,pypi,7547,150,2,6,3,5,22,0,5,5,7,0,1,0,5,5,0,2,15,2,6,40,13,8,0,5,1,7,10,5,0,0.32,0,5,0,7,1,5,5,4,0,0,0,0,0,0,0,0,0,0,1,1,1,1,1,0,0.39,65,3,0,0,0.28,0.48,2,3,1
artifact-lab-3-package-736f752d,0.14.40,pypi,185,2,1,6,0,14,40,1,4,13,2,1,1,1,3,8,1,1,14,5,1,28,10,4,1,8,9,4,3,0,3,0.76,1,0,1,10,1,7,7,3,8,0,1,1,0,0,1,1,1,1,0,0,1,1,0,1,0.24,15,2,0,1,0.66,0.68,1,0,1
assaulthimars,3.11.37,pypi,497,15,1,2,3,11,37,0,4,13,1,1,1,0,1,13,0,5,8,5,5,8,7,8,0,7,9,7,1,1,5,1.0,0,1,0,18,0,5,7,5,1,1,0,1,0,1,0,1,1,0,0,1,0,0,0,0,0.12,54,1,0,1,0.73,0.8,2,3,1
@captivateiq/events,3.17.28,npm,9808,184,2,4,3,17,28,0,2,2,17,0,1,1,1,16,0,5,14,1,2,16,17,2,0,3,3,1,1,5,6,0.42,0,3,0,7,0,4,2,5,4,0,0,0,0,0,0,0,0,0,0,1,0,0,1,1,0.35,162,4,1,0,0.38,0.43,1,0,1
xgboost,4.5.14,pypi,9264,116,8,24,4,5,14,0,0,1,4,0,0,0,0,5,0,0,2,1,0,13,6,0,0,0,1,1,0,0,0,0.31,1,2,0,2,0,0,0,0,0,0,0,0,0,0,0,0,0,0,0,0,1,0,1,1,0.66,2428,45,0,0,0.16,0.14,0,0,0
superagent,4.16.25,npm,6124204,1846,11,23,4,16,25,0,0,1,2,1,0,0,0,1,1,0,0,0,0,4,5,1,0,0,0,0,2,0,0,0.01,0,0,0,0,0,0,0,0,0,0,0,0,0,0,0,0,0,0,0,0,1,1,1,1,0.91,927,50,1,0,0.09,0.08,0,0,0
@espace-client-axafr/redux-contrib,3.4.21,npm,148,11,1,3,3,4,21,1,5,2,3,1,1,1,8,6,0,1,14,2,2,33,4,7,1,3,7,4,3,0,5,0.81,1,11,0,4,1,7,4,3,4,0,1,0,0,1,0,1,1,1,0,1,1,1,0,0,0.15,54,2,0,1,0.48,0.76,4,3,1
atlasctf-21-prod-13,2.13.24,pypi,398,2,1,6,2,13,24,0,2,11,9,1,1,0,3,5,1,3,6,3,5,32,26,1,1,5,9,3,8,4,4,0.86,1,3,0,11,1,6,5,4,6,0,0,1,1,0,1,1,1,1,0,0,0,0,0,0,0.39,20,1,0,1,0.72,0.63,4,1,1
typescript,0.6.25,npm,9277,143,2,21,0,6,25,1,1,4,4,1,0,0,1,7,0,1,3,0,0,18,10,0,0,0,0,1,4,0,0,0.18,0,3,0,5,0,0,0,0,0,0,0,0,0,0,0,0,0,0,0,0,0,1,1,0,0.66,995,49,1,1,0.18,0.27,0,0,0
unittest2,3.2.23,pypi,4947248,2209,14,29,3,2,23,1,0,0,2,0,0,0,0,0,1,0,0,0,0,6,5,1,0,0,0,0,0,1,0,0.1,0,0,0,0,0,0,1,0,0,0,0,1,0,0,0,0,0,0,0,0,0,0,1,1,0.97,1573,14,1,0,0.01,0.12,0,0,0
--no-audit,4.18.17,npm,7350,89,1,5,4,18,17,0,2,0,5,0,0,1,3,14,1,2,10,2,1,24,10,2,0,4,3,4,7,3,3,0.22,0,9,0,8,0,3,4,1,1,0,0,0,0,0,0,0,0,0,0,1,1,1,0,0,0.36,40,4,0,0,0.52,0.82,2,1,1
tornado,2.0.31,pypi,8565432,2886,13,7,2,0,31,0,1,2,2,0,1,0,0,2,0,0,1,0,0,3,5,0,0,0,0,1,2,0,1,0.06,0,1,0,1,0,0,0,0,0,0,0,0,0,0,0,0,0,0,0,0,0,1,1,1,0.61,2152,49,1,0,0.09,0.01,0,0,0
playwright,3.18.42,npm,2941398,1484,20,28,3,18,42,0,0,0,2,0,1,0,0,3,0,1,2,0,0,8,5,1,0,0,1,0,0,0,0,0.15,0,0,0,0,0,0,0,0,0,0,0,0,0,0,0,0,0,0,0,0,1,1,1,1,0.94,1851,42,1,0,0.06,0.12,1,0,0
jsonwebtoken,2.5.19,npm,697925,1912,12,14,2,5,19,1,0,0,0,0,1,0,0,1,0,1,0,0,0,5,1,0,1,0,0,0,2,0,0,0.02,1,0,0,0,0,0,0,0,0,0,0,0,0,0,0,0,0,0,0,0,1,1,0,1,0.84,1701,13,0,0,0.08,0.12,0,0,0
deadiff,3.14.28,pypi,345,6,1,8,3,14,28,1,5,12,11,0,0,1,5,10,1,1,2,0,4,32,20,1,1,7,2,3,7,3,7,0.76,1,4,1,2,1,6,3,1,8,0,0,1,0,0,1,0,1,1,1,1,0,0,0,0,0.25,46,2,0,1,0.82,0.67,1,3,1
ioredis,5.12.9,npm,1911798,3604,11,25,5,12,9,0,0,0,2,0,1,0,1,2,0,1,1,0,0,8,0,0,0,0,0,0,0,0,1,0.14,0,0,0,0,0,0,0,0,0,0,0,0,0,0,0,0,0,0,0,0,1,0,0,1,0.73,493,11,1,0,0.0,0.09,0,0,0
uuid,0.15.32,npm,7824115,2412,7,16,0,15,32,0,1,1,0,0,0,0,0,3,0,0,2,0,0,2,3,1,0,0,0,0,0,0,0,0.11,0,0,0,0,0,0,0,0,0,0,0,1,0,0,0,0,0,0,0,0,1,0,1,0,0.65,2379,9,1,0,0.02,0.12,0,0,0
@ccv2/web_automation_golden,4.11.19,npm,170,26,1,1,4,11,19,1,4,14,4,1,1,1,8,18,1,1,4,4,5,25,13,2,1,6,8,5,8,3,1,0.6,0,15,0,13,0,7,2,2,5,1,1,0,0,1,1,0,1,1,1,0,0,0,0,1,0.18,37,1,0,0,0.67,0.67,3,3,1
byteseep,5.16.23,pypi,20925,104,1,2,5,16,23,1,4,5,5,1,1,1,6,14,0,2,9,3,3,26,30,8,0,6,3,1,1,3,3,0.4,0,3,0,18,1,2,2,5,6,0,0,0,0,0,0,0,0,0,1,0,1,1,0,0,0.25,183,2,1,0,0.64,0.68,5,2,1
config,5.14.38,npm,5084975,3314,13,29,5,14,38,0,1,0,1,0,1,0,0,0,0,1,2,0,0,1,2,1,1,0,0,0,0,1,1,0.08,1,1,0,0,1,0,1,0,0,0,0,1,0,0,0,0,0,0,0,0,1,0,0,1,0.92,2469,46,1,0,0.01,0.07,0,0,0
cloudfix,3.3.2,pypi,28799,156,2,6,3,3,2,0,2,3,3,0,1,1,4,17,0,4,15,2,2,11,10,8,1,3,1,5,8,4,4,0.17,0,14,0,6,1,2,2,4,7,0,0,0,0,0,0,0,0,0,0,0,1,1,1,0,0.09,47,0,1,1,0.26,0.71,4,3,1
binol,0.18.3,pypi,406,22,1,2,0,18,3,0,5,9,13,1,1,1,5,9,1,0,4,4,4,39,23,0,1,8,9,8,9,2,5,0.6,1,9,1,10,1,2,3,0,8,0,0,0,0,0,0,1,0,1,0,0,1,1,0,0,0.26,40,2,0,1,0.44,0.94,4,2,1
32red-api,4.17.1,npm,106,18,1,0,4,17,1,0,4,3,18,1,1,1,7,8,0,2,13,2,1,19,14,1,1,4,3,5,8,2,4,0.84,1,5,0,13,1,3,1,3,8,0,0,1,0,0,1,1,1,1,0,0,0,0,0,0,0.33,60,2,0,1,0.94,0.44,0,3,1
paramiko,1.7.29,pypi,2545122,3245,20,6,1,7,29,0,0,0,2,0,0,0,1,2,0,1,0,0,0,7,3,0,0,0,0,0,0,1,1,0.02,0,0,0,0,0,0,0,0,0,0,0,0,0,0,0,0,0,0,0,0,1,1,1,1,0.76,2403,32,1,0,0.1,0.12,0,0,0
@global-engineering-shared/gweb-material-global,1.5.30,npm,1016,112,2,7,1,5,30,0,2,1,16,0,0,1,6,13,0,5,8,2,4,35,11,8,0,9,3,3,2,5,4,0.13,1,4,0,13,1,7,4,5,1,0,0,0,0,0,0,0,0,0,1,0,0,0,0,0,0.02,123,3,1,1,0.46,0.64,1,3,1
cryztalnitro,1.16.48,pypi,123,28,1,0,1,16,48,1,4,12,10,1,1,0,7,4,1,2,13,5,4,36,21,7,1,6,6,8,5,1,3,0.53,1,3,1,6,1,8,2,5,5,1,0,0,0,0,1,1,1,1,0,0,1,1,0,0,0.34,30,0,0,1,0.64,0.94,0,3,1
@bgrc/kyc-theme,5.1.2,npm,50,20,1,7,5,1,2,0,1,2,14,1,1,0,5,8,1,0,12,2,5,7,12,10,1,3,2,0,7,5,5,0.89,1,13,1,4,1,0,3,3,1,0,1,0,1,0,0,1,1,0,0,1,1,1,0,0,0.03,24,0,0,1,0.8,0.37,2,2,1
axois,2.2.22,npm,473,14,1,8,2,2,22,1,3,5,5,0,1,1,4,10,0,5,10,1,4,5,4,6,1,8,4,1,3,0,3,0.83,1,15,1,8,1,5,4,5,0,0,1,1,0,0,0,1,0,0,0,0,1,1,0,1,0.38,59,1,0,0,0.21,0.69,0,2,1
date-fns,1.19.16,npm,5661739,1166,5,23,1,19,16,0,0,1,0,1,1,0,0,0,0,0,0,0,0,3,1,1,1,0,1,0,0,0,0,0.05,1,0,0,1,1,0,0,0,0,0,0,0,0,0,0,0,0,0,0,0,1,1,1,1,0.69,1106,24,0,0,0.05,0.11,0,0,0
svelte,4.17.31,npm,6500410,2584,6,29,4,17,31,0,0,2,0,1,0,0,0,3,0,1,2,0,0,3,2,0,1,0,1,0,0,0,0,0.02,1,1,0,1,0,0,1,0,0,0,0,1,0,0,0,0,0,0,0,0,1,1,0,1,0.67,2584,14,1,0,0.03,0.06,0,0,0
@frontend-clients/design-system,2.17.13,npm,9044,125,2,7,2,17,13,0,0,0,15,0,1,0,6,10,0,0,5,3,7,3,28,6,1,7,1,0,3,1,6,0.39,0,13,0,17,0,10,4,0,8,0,0,0,0,0,0,0,0,0,0,0,0,0,0,0,0.49,181,1,0,0,0.72,0.65,3,0,1
tqdm,3.10.19,pypi,3879750,2536,11,29,3,10,19,0,0,0,1,1,0,1,0,1,0,0,1,0,0,6,5,1,0,0,1,0,2,0,1,0.0,0,0,0,0,0,0,0,0,0,0,0,0,0,0,0,0,0,0,0,0,1,1,1,0,0.96,1212,12,1,0,0.09,0.13,0,0,0
@auro-formkit/config,2.5.45,npm,363,29,1,1,2,5,45,0,2,14,8,1,0,0,6,17,1,4,3,0,5,27,23,7,1,7,6,6,10,0,3,0.85,1,2,1,16,1,2,8,5,2,0,0,1,0,0,1,0,1,0,0,0,0,0,0,0,0.38,33,1,0,0,0.39,0.73,4,2,1
knex,4.15.28,npm,6075440,2462,14,12,4,15,28,1,0,0,0,0,0,0,0,0,0,0,0,0,0,8,5,0,0,0,0,0,0,1,0,0.03,0,0,0,0,0,0,0,0,0,0,0,0,0,0,0,0,0,0,0,0,1,1,1,0,0.61,1823,31,1,0,0.01,0.04,0,0,0
@gc-crm/gc-crm-lib,3.14.43,npm,20325,69,1,6,3,14,43,0,5,1,7,0,0,1,4,5,1,0,5,2,8,35,13,7,1,2,1,5,10,1,8,0.4,0,11,0,12,1,10,2,4,7,0,0,0,0,0,0,0,0,0,0,0,1,1,1,0,0.4,46,2,0,0,0.28,0.23,4,0,1
swc,4.8.46,npm,5403005,2211,17,12,4,8,46,1,0,2,0,0,0,0,1,3,1,0,1,0,0,6,3,0,0,0,0,0,0,1,0,0.05,0,0,0,0,0,0,1,0,0,0,0,0,0,0,0,0,0,0,0,0,0,1,1,1,0.92,1072,12,1,0,0.09,0.03,0,0,0
chalk,1.13.36,npm,3299147,2075,19,21,1,13,36,0,0,0,0,0,0,0,1,3,0,0,1,0,0,2,5,0,0,0,1,0,2,0,1,0.12,0,0,0,0,1,0,1,0,0,0,0,0,0,0,0,0,0,0,0,0,1,1,0,0,0.93,2780,36,1,0,0.03,0.09,0,0,0
1inch-p2p-sdk,5.20.0,npm,185,23,2,6,5,20,0,1,2,12,2,0,1,0,3,4,0,4,12,2,7,11,21,6,0,1,3,1,4,3,8,0.93,1,5,1,14,1,7,6,2,7,0,0,0,0,0,0,1,1,1,1,0,0,0,0,1,0.23,36,1,0,1,0.72,0.36,4,1,1
aiohttp,0.0.3,pypi,8350492,3189,20,9,0,0,3,0,0,1,1,0,0,0,2,2,0,1,0,0,0,2,2,1,0,0,0,0,2,0,1,0.09,1,0,0,1,0,0,0,0,0,0,0,0,0,0,0,0,0,0,0,0,1,1,1,1,0.94,955,14,1,0,0.0,0.12,0,0,0
@frontend-clients/wallet-web,5.16.33,npm,60,22,1,1,5,16,33,1,4,2,4,0,1,1,5,4,1,0,7,2,6,21,10,7,0,3,3,2,10,3,1,0.61,1,9,0,7,0,0,1,4,5,0,0,1,1,0,1,1,1,1,0,1,1,1,0,0,0.2,29,1,0,1,0.54,0.89,2,0,1
dtb-bytehouse,1.16.7,pypi,444,21,1,2,1,16,7,0,3,8,14,1,0,0,3,5,1,2,12,1,6,5,1,7,1,4,1,2,10,1,8,0.69,0,4,1,15,0,6,6,3,6,0,0,1,0,0,0,1,1,0,0,1,0,0,0,1,0.29,14,2,0,1,0.43,0.37,4,2,1
@evt-cdk/core,3.3.6,npm,400,19,1,8,3,3,6,0,2,15,4,1,1,0,5,17,1,5,15,0,3,25,11,2,0,4,9,7,7,0,4,0.8,1,10,1,18,1,1,4,2,6,0,1,1,0,0,1,1,0,0,0,0,0,0,1,0,0.38,33,2,0,1,0.91,0.6,0,0,1
@bonk-sdk/sha256,1.11.37,npm,350,20,1,6,1,11,37,1,2,9,13,1,1,1,5,5,0,4,2,0,6,17,16,5,1,10,3,0,1,2,7,0.73,1,12,1,13,1,8,0,4,2,0,0,1,1,0,1,0,0,1,1,1,0,0,1,0,0.1,20,0,0,0,0.57,0.96,2,2,1
typescript,1.2.34,npm,895,83,2,10,1,2,34,0,1,4,4,1,0,0,3,6,0,0,4,0,0,10,11,1,0,0,1,1,2,1,1,0.3,0,1,0,2,1,0,0,0,0,0,0,0,0,0,0,0,0,0,0,0,1,1,0,1,0.65,184,33,0,0,0.15,0.2,1,0,0
@gfgtech/ui,0.7.46,npm,208,15,2,7,0,7,46,0,1,13,10,1,1,1,4,12,1,3,10,4,6,29,24,8,1,6,8,7,5,2,5,0.78,1,3,1,8,1,1,8,5,2,0,0,1,1,0,1,1,1,1,0,0,0,0,0,0,0.09,11,1,0,0,0.73,0.39,0,0,1
js-sha3,2.1.38,npm,3905388,3077,18,12,2,1,38,0,0,2,1,0,0,0,1,3,1,0,2,0,0,10,3,0,0,0,0,0,0,1,0,0.13,1,0,0,0,1,0,1,0,0,0,0,0,0,0,0,0,0,0,0,0,1,0,1,1,0.91,2880,7,1,0,0.06,0.15,1,0,0
commander,3.1.21,npm,1098,88,14,21,3,1,21,0,0,4,0,1,1,1,1,2,1,0,1,1,0,9,4,1,0,0,2,1,3,0,0,0.33,0,4,0,3,1,1,1,0,0,0,0,1,0,0,0,0,0,0,0,0,1,1,0,1,0.84,291,25,1,0,0.16,0.14,0,0,0
comander,2.3.50,npm,54,15,1,5,2,3,50,1,4,14,10,1,0,1,8,9,1,2,5,0,1,7,30,1,1,8,5,2,2,4,2,0.6,0,8,1,9,0,4,4,3,0,0,0,0,0,0,1,1,1,1,0,0,0,0,0,0,0.34,42,2,0,0,0.45,0.91,4,2,1
debug,5.4.10,npm,8601086,1342,20,28,5,4,10,0,0,0,0,0,1,0,2,1,0,0,0,0,0,6,4,0,1,0,0,0,1,0,1,0.15,0,1,0,0,0,0,1,0,0,0,0,1,0,0,0,0,0,0,0,0,1,1,1,0,0.68,1401,47,0,0,0.06,0.12,0,0,0
aietelegram,5.8.29,pypi,432,9,1,3,5,8,29,0,5,15,12,1,1,0,1,15,1,0,11,5,1,40,24,7,1,4,8,5,4,5,4,0.6,1,4,1,5,1,4,7,0,5,1,0,0,0,0,1,1,0,0,0,1,1,1,0,1,0.2,17,0,0,1,0.89,0.94,2,2,1
0wneg,0.10.8,pypi,366,15,1,7,0,10,8,0,4,2,13,1,1,0,5,5,1,0,3,3,3,14,25,6,1,6,1,8,8,5,6,0.6,0,12,1,9,1,7,0,2,0,1,1,1,0,0,1,1,1,0,0,0,0,0,0,0,0.05,5,2,0,1,0.89,0.57,4,0,1
@al-ui/useappinsights,0.13.14,npm,429,2,1,4,0,13,14,0,4,14,8,1,1,0,7,8,1,0,14,4,5,17,23,1,0,5,6,2,7,5,3,0.67,1,10,1,5,1,0,4,3,5,0,0,0,0,0,1,1,1,1,1,0,1,1,0,0,0.04,35,0,0,1,0.65,0.52,3,0,1
inquirer,2.4.6,npm,8685016,3847,5,26,2,4,6,1,0,0,0,0,0,1,1,1,0,1,1,0,0,3,1,1,0,0,1,1,0,0,1,0.08,0,0,0,1,0,0,0,0,0,0,0,0,0,0,0,0,0,0,0,0,1,1,1,0,0.7,687,48,1,0,0.08,0.08,1,0,0
next,4.4.1,npm,4433,60,7,24,4,4,1,0,1,2,2,0,0,1,1,7,0,0,5,1,0,20,2,0,0,0,3,0,1,0,1,0.26,0,1,0,3,1,0,1,0,0,0,0,0,0,0,0,0,0,0,0,0,1,1,1,1,0.62,848,36,1,1,0.14,0.26,0,0,0
scipy,0.11.47,pypi,5017272,2459,19,7,0,11,47,1,1,0,2,1,1,0,0,0,0,1,1,0,0,4,4,1,0,0,0,1,1,0,0,0.1,0,0,0,0,0,0,1,0,0,0,0,1,0,0,0,0,0,0,0,0,0,0,1,1,0.81,1953,43,1,0,0.03,0.13,0,0,0
@asyncapi/keeper,2.5.47,npm,1699,80,1,5,2,5,47,0,2,1,8,1,0,1,4,2,1,2,11,3,6,4,23,4,1,10,0,0,9,0,7,0.28,1,14,0,15,0,7,8,0,0,0,0,0,0,0,0,0,0,0,0,0,1,1,0,1,0.44,63,0,1,0,0.15,0.66,0,2,1
toml,0.9.40,pypi,4194427,1207,17,14,0,9,40,0,0,1,2,0,1,0,0,2,0,0,0,0,0,6,4,0,0,0,0,0,0,0,0,0.09,1,1,0,1,0,0,1,0,0,0,0,1,0,0,0,0,0,0,0,0,1,1,1,1,0.85,2370,41,0,0,0.05,0.06,0,0,0
psycopg2,4.14.38,pypi,4898379,369,3,19,4,14,38,0,1,2,0,1,0,0,0,3,0,0,2,0,0,3,3,0,0,0,0,0,1,1,0,0.02,0,0,0,0,0,0,1,0,0,0,0,0,0,0,0,0,0,0,0,0,1,1,1,0,0.65,2079,7,1,0,0.02,0.09,0,0,0
needle,0.16.33,npm,4567001,1642,16,29,0,16,33,0,1,0,0,0,1,0,0,0,1,0,0,0,0,0,3,1,1,0,0,0,2,0,0,0.07,0,0,0,0,1,0,0,0,0,0,0,1,0,0,0,0,0,0,0,0,1,0,1,0,0.66,1282,39,1,0,0.04,0.04,0,0,0
dayjs,0.1.12,npm,340866,1504,4,29,0,1,12,0,0,0,2,0,0,0,0,0,0,0,2,0,0,9,1,1,1,0,1,0,0,0,0,0.15,0,0,0,0,1,0,1,0,0,0,0,0,0,0,0,0,0,0,0,0,1,1,1,0,0.77,2290,8,0,0,0.07,0.07,0,0,0
@ctrl/ts-base32,1.3.41,npm,27920,139,1,0,1,3,41,1,3,0,1,1,1,1,7,10,1,2,11,0,1,38,3,8,0,8,0,2,8,0,7,0.26,1,6,0,2,1,4,7,3,2,0,0,0,0,0,0,0,0,0,1,0,1,1,0,0,0.39,116,3,1,0,0.44,0.36,4,3,1
control4d-multiview,2.18.27,pypi,48978,143,1,7,2,18,27,0,3,2,8,0,0,0,1,12,0,5,13,1,1,22,6,8,1,4,0,7,10,5,8,0.31,1,2,0,10,0,6,1,5,8,0,0,0,0,0,0,0,0,0,0,0,1,1,0,1,0.38,92,1,1,0,0.67,0.33,1,3,1
@art-ws/di-node,2.4.40,npm,6481,54,1,2,2,4,40,0,4,3,15,1,1,1,3,2,0,2,7,2,5,11,2,5,1,9,1,6,0,2,3,0.32,1,15,0,17,1,5,3,2,7,0,0,0,0,0,0,0,0,0,1,0,0,0,0,0,0.26,49,3,0,0,0.24,0.76,1,1,1
express-rate-limit,4.1.31,npm,9783742,1239,9,15,4,1,31,0,0,1,0,0,1,0,1,1,1,0,0,0,0,2,5,1,0,0,0,0,1,0,0,0.08,0,0,0,0,1,0,0,0,0,0,0,0,0,0,0,0,0,0,0,0,1,1,1,0,0.88,2982,7,0,0,0.1,0.13,0,0,0
react-router-dom,5.11.5,npm,6919,73,12,3,5,11,5,0,1,2,1,0,1,0,2,5,0,1,4,0,0,13,4,1,0,0,1,0,1,0,2,0.29,0,2,0,4,1,0,1,0,0,0,0,0,0,0,0,0,0,0,0,0,1,0,1,1,0.92,1916,3,0,0,0.13,0.15,0,0,0
lit,5.1.25,npm,6425918,992,7,23,5,1,25,0,0,0,2,0,1,0,0,2,0,0,2,0,0,5,0,0,1,0,0,0,2,0,1,0.14,0,1,0,0,0,0,0,0,0,0,0,0,0,0,0,0,0,0,0,0,1,1,1,1,0.6,604,27,1,0,0.01,0.03,0,0,0
colorama,1.6.37,pypi,9200,107,6,13,1,6,37,1,1,3,3,1,0,0,1,3,1,1,5,1,0,20,2,0,1,1,1,0,0,1,0,0.38,1,0,0,5,0,1,1,0,0,0,0,0,0,0,0,0,0,0,0,0,1,0,1,1,0.87,2455,39,1,0,0.05,0.24,1,0,0
psycopg2,5.9.46,pypi,1378,63,14,18,5,9,46,0,1,3,1,1,1,1,1,4,0,0,2,0,0,6,5,1,0,0,0,0,3,0,3,0.37,0,2,0,4,0,0,0,0,0,0,0,1,0,0,0,0,0,0,0,0,1,1,0,1,0.99,2963,50,1,1,0.16,0.21,0,0,0
bcryptjs,0.8.46,npm,6271563,2503,18,28,0,8,46,0,1,0,2,0,0,0,0,2,0,0,2,0,0,8,4,1,1,0,0,0,2,0,0,0.04,0,0,0,1,1,0,0,0,0,0,0,0,0,0,0,0,0,0,0,0,1,0,1,1,0.64,1619,49,1,0,0.03,0.12,0,0,0
ora,1.11.17,npm,5118198,2394,15,13,1,11,17,0,0,0,1,0,0,1,2,0,1,1,1,0,0,1,4,0,1,0,0,0,0,0,0,0.02,1,1,0,0,0,0,0,0,0,0,0,0,0,0,0,0,0,0,0,0,0,1,1,0,0.94,793,17,1,0,0.06,0.14,1,0,0
axios,3.5.0,npm,1938892,717,10,3,3,5,0,1,0,2,0,0,0,1,2,0,0,0,1,0,0,7,3,0,0,0,0,0,0,0,1,0.11,0,1,0,0,0,0,0,0,0,0,0,0,0,0,0,0,0,0,0,0,1,1,1,0,0.78,372,44,0,0,0.09,0.13,1,0,0
@0xengine/xmlrpc,0.17.24,npm,48270,103,1,2,0,17,24,0,3,3,7,0,0,0,4,3,0,4,5,2,6,4,20,4,1,4,3,4,10,4,0,0.44,0,9,0,18,1,4,2,3,7,0,0,0,0,0,0,0,0,0,0,0,1,1,0,0,0.02,121,3,0,0,0.15,0.93,2,2,1
@actbase/react-native-less-transformer,4.10.19,npm,257,22,2,4,4,10,19,1,4,12,2,1,0,1,4,10,0,1,15,3,7,21,27,10,0,1,4,8,7,2,7,0.56,1,11,1,14,1,8,4,2,3,1,1,1,0,0,1,1,0,1,0,0,1,1,0,1,0.06,44,1,0,1,0.87,0.44,5,1,1
@accordproject/concerto-metamodel,3.11.25,npm,237,24,2,1,3,11,25,0,4,7,3,0,1,0,6,12,1,3,14,1,8,24,16,1,1,8,1,5,2,2,1,0.84,0,0,1,5,1,3,8,1,8,0,0,1,1,1,0,1,1,0,0,1,0,0,1,0,0.01,39,0,0,1,0.64,0.56,5,1,1
@actbase/node-server,0.17.17,npm,13725,197,1,5,0,17,17,1,0,2,12,0,1,1,0,3,0,4,3,2,1,13,15,0,1,9,2,3,8,3,2,0.35,1,0,0,9,1,8,5,0,5,0,0,0,0,0,0,0,0,0,0,1,0,0,0,1,0.56,52,0,0,0,0.72,0.26,4,0,1
virtualenv,3.13.40,pypi,3559845,1020,9,11,3,13,40,0,0,1,2,1,0,0,0,2,0,0,1,0,0,1,3,0,1,0,1,0,0,0,0,0.14,0,1,0,1,0,0,0,0,0,0,0,0,0,0,0,0,0,0,0,0,1,1,1,1,0.69,986,40,1,0,0.03,0.1,1,0,0
@ensdomains/ui,5.9.45,npm,305,9,2,4,5,9,45,1,2,4,6,1,1,0,3,8,1,3,4,0,8,29,11,0,0,5,9,1,3,5,1,0.87,1,15,1,2,0,3,7,0,0,0,1,1,0,0,1,1,0,0,0,0,0,0,0,1,0.13,31,2,0,1,0.94,0.47,3,2,1
typeorm,3.17.41,npm,6283398,599,13,13,3,17,41,1,1,0,0,0,0,0,0,0,0,1,2,0,0,9,4,0,0,0,0,1,0,0,0,0.12,0,1,0,1,0,0,0,0,0,0,0,1,0,0,0,0,0,0,0,0,0,1,0,1,0.79,545,41,0,0,0.0,0.04,0,0,0
express,5.3.44,npm,1321373,1135,7,15,5,3,44,0,1,1,2,0,0,1,1,2,0,1,0,0,0,10,5,0,0,0,0,0,0,0,0,0.03,1,0,0,1,0,0,1,0,0,0,0,1,0,0,0,0,0,0,0,0,1,0,1,0,0.87,1669,40,1,0,0.07,0.09,0,0,0
ethesjs,1.16.27,npm,6,9,1,1,1,16,27,1,3,8,14,1,1,0,5,6,1,5,11,3,8,17,24,10,1,4,6,8,6,5,3,0.96,1,0,1,2,1,0,6,0,8,0,1,1,0,0,1,1,1,0,0,0,1,1,0,0,0.38,42,0,0,1,0.68,0.78,0,0,1
000webhost-admin,0.0.4,npm,101,28,1,0,0,0,4,0,1,3,6,1,1,0,8,3,1,5,8,1,6,15,30,2,1,5,6,7,3,0,4,0.82,1,15,1,19,0,0,1,2,6,0,0,0,0,0,1,1,1,1,1,0,0,0,0,1,0.2,24,1,0,0,0.22,0.71,0,2,1
pg,3.1.36,npm,8828172,2308,17,18,3,1,36,0,0,0,0,0,1,1,0,3,0,1,2,0,0,8,4,1,0,0,1,1,1,0,1,0.03,0,1,0,1,1,0,1,0,0,0,0,0,0,0,0,0,0,0,0,0,1,1,0,1,0.85,1930,24,1,0,0.02,0.14,0,0,0
axelo,1.8.25,pypi,67,21,1,7,1,8,25,1,5,7,4,0,1,0,5,7,1,0,5,2,5,12,15,8,1,5,2,8,1,5,5,0.82,0,4,1,5,1,8,2,2,4,1,0,1,0,0,1,1,1,1,0,0,1,1,0,0,0.25,53,1,0,0,0.2,0.82,5,2,1
turbopack,4.16.43,npm,7493053,2505,16,22,4,16,43,0,1,2,0,1,0,1,0,3,0,1,2,0,0,8,0,1,0,0,0,0,0,0,1,0.11,1,0,0,0,0,0,0,0,0,0,0,0,0,0,0,0,0,0,0,0,0,1,1,1,0.78,2082,38,0,0,0.09,0.0,0,0,0
commander,1.5.16,npm,5451,49,10,17,1,5,16,0,0,5,5,1,0,0,1,2,0,1,4,1,0,6,7,1,0,0,2,0,4,1,3,0.2,0,3,0,4,0,0,0,0,0,0,0,1,0,0,0,0,0,0,0,0,1,1,1,1,0.86,2127,17,1,0,0.16,0.1,1,0,0
betterstyle,0.18.4,pypi,7,8,1,8,0,18,4,0,4,14,13,0,1,1,3,11,0,2,3,4,4,11,18,5,1,10,7,1,5,5,7,0.61,1,1,0,4,0,1,7,4,0,0,1,1,0,0,0,1,0,1,0,0,0,0,1,0,0.21,50,2,0,1,0.33,0.39,2,0,1
underscore,0.19.42,npm,9660973,2946,16,21,0,19,42,0,0,0,1,0,1,1,0,1,0,0,2,0,0,10,2,1,1,0,1,0,2,0,1,0.13,0,0,0,0,1,0,0,0,0,0,0,0,0,0,0,0,0,0,0,0,1,1,0,1,0.91,691,3,0,0,0.1,0.08,1,0,0
@ctrl/magnet-link,3.5.48,npm,468,16,1,0,3,5,48,1,4,14,16,0,1,0,7,8,1,0,13,4,8,22,23,0,0,4,10,6,10,0,6,0.64,1,8,0,19,1,3,4,3,5,0,0,1,1,0,1,1,1,1,0,0,0,0,1,0,0.23,36,2,0,0,0.81,0.79,1,3,1
discord-manager,2.17.45,pypi,31792,55,1,1,2,17,45,0,4,3,16,0,1,0,2,13,1,4,4,2,1,23,29,5,1,9,0,1,0,0,5,0.15,0,13,0,20,1,6,4,3,2,0,0,0,0,0,0,0,0,0,1,0,0,0,0,0,0.54,181,4,1,1,0.65,0.43,3,1,1
ns-sha3,5.3.40,npm,469,30,2,2,5,3,40,0,5,5,12,1,1,1,8,20,1,1,12,4,2,35,15,8,1,6,3,1,10,0,1,0.65,1,4,0,12,0,1,3,5,7,0,1,1,0,1,0,1,1,1,1,0,0,0,1,1,0.32,46,0,0,1,0.39,0.3,1,0,1
node-fetch,0.14.24,npm,3291051,3606,3,18,0,14,24,0,0,0,0,0,0,1,0,2,0,0,1,0,0,9,4,0,1,0,0,0,0,0,1,0.12,0,1,0,0,1,0,1,0,0,0,0,0,0,0,0,0,0,0,0,0,1,0,1,0,0.93,409,22,1,0,0.02,0.04,0,0,0
ws,0.1.6,npm,8353594,1361,16,9,0,1,6,1,0,0,0,0,1,0,0,0,0,0,2,0,0,6,4,0,1,0,0,1,0,1,0,0.02,0,0,0,0,0,0,0,0,0,0,0,0,0,0,0,0,0,0,0,0,1,0,1,1,0.64,1049,38,0,0,0.05,0.0,0,0,0
angular,5.9.14,npm,2413058,3631,20,20,5,9,14,0,0,2,1,0,0,0,2,0,1,1,0,0,0,9,5,1,0,0,1,1,0,0,1,0.09,0,0,0,1,0,0,0,0,0,0,0,0,0,0,0,0,0,0,0,0,1,1,1,1,0.91,2866,28,0,0,0.07,0.01,0,0,0
streamserch,5.3.19,npm,230,15,1,3,5,3,19,1,5,13,9,1,1,1,3,3,1,4,12,4,1,18,6,0,1,4,9,4,1,3,1,0.51,0,12,1,10,1,1,0,2,6,0,0,1,0,0,1,1,1,0,0,0,0,0,1,1,0.37,1,0,0,0,0.89,0.51,3,3,1
pandas,3.20.42,pypi,5107746,3546,7,6,3,20,42,0,0,0,0,1,0,0,0,2,0,0,2,0,0,4,3,0,0,0,0,0,1,0,1,0.08,1,0,0,1,1,0,1,0,0,0,0,0,0,0,0,0,0,0,0,0,1,1,1,0,0.83,434,9,0,0,0.1,0.02,0,0,0
fastapi,3.3.33,pypi,7555,176,10,30,3,3,33,0,1,4,1,0,1,0,0,7,0,0,2,0,0,11,9,1,1,0,1,1,0,0,0,0.23,1,3,0,3,0,1,0,0,0,0,0,0,0,0,0,0,0,0,0,0,0,1,1,1,0.71,2457,49,0,0,0.08,0.17,0,0,0
@dev-blinq/cucumber_client,2.7.4,npm,483,6,1,7,2,7,4,0,3,4,14,0,1,0,4,17,1,3,6,0,2,12,26,10,1,10,2,0,4,2,3,0.57,0,7,1,14,1,10,4,2,2,0,0,1,0,0,1,0,0,0,0,0,0,0,0,0,0.08,25,1,0,1,0.67,0.74,4,2,1
lxml,5.3.26,pypi,6462608,2834,15,15,5,3,26,0,0,1,0,1,0,0,2,3,0,0,0,0,0,2,2,0,0,0,0,0,1,0,1,0.08,1,0,0,0,1,0,0,0,0,0,0,0,0,0,0,0,0,0,0,0,0,1,1,1,0.79,2476,32,1,0,0.08,0.02,1,0,0
signale,5.20.48,npm,7120308,687,14,20,5,20,48,0,1,0,2,0,0,0,2,2,0,1,2,0,0,7,2,0,1,0,1,0,1,0,0,0.06,0,0,0,1,0,0,0,0,0,0,0,0,0,0,0,0,0,0,0,0,1,0,0,1,0.85,1691,28,0,0,0.03,0.13,0,0,0
@asyncapi/openapi-schema-parser,5.12.40,npm,4146,80,1,2,5,12,40,0,2,1,0,1,1,0,5,7,1,4,7,3,3,31,20,4,1,7,0,1,4,5,8,0.49,0,10,0,5,1,5,7,4,7,0,0,0,0,0,0,0,0,0,1,0,0,0,0,1,0.16,123,3,0,1,0.21,0.3,3,0,1
ailyboostbot,5.2.21,pypi,436,21,1,1,5,2,21,0,3,7,8,0,1,0,2,17,1,5,6,0,1,22,26,0,1,6,8,5,7,1,4,0.93,1,5,0,7,1,9,6,4,3,0,1,0,0,1,1,1,1,1,1,0,1,1,1,0,0.27,10,0,0,1,0.91,0.97,2,3,1
oauth,3.11.39,npm,5851436,913,4,28,3,11,39,0,1,0,1,0,0,0,0,3,1,0,0,0,0,9,1,0,0,0,0,0,0,0,1,0.13,0,0,0,0,0,0,0,0,0,0,0,0,0,0,0,0,0,0,0,0,1,0,1,1,0.7,514,47,1,0,0.09,0.04,1,0,0
511fola,5.3.49,npm,326,18,1,2,5,3,49,0,5,13,13,1,1,0,8,14,1,4,7,2,7,29,27,5,1,4,7,8,4,3,5,0.68,1,14,1,14,1,0,4,4,0,1,0,1,0,0,0,0,1,0,1,0,1,1,0,0,0.02,22,0,0,0,0.4,0.9,1,1,1
jest,0.15.42,npm,5339106,1303,19,13,0,15,42,0,0,1,0,0,1,0,2,0,0,1,1,0,0,3,4,1,0,0,0,0,2,0,0,0.13,0,0,0,0,0,0,0,0,0,0,0,0,0,0,0,0,0,0,0,0,1,1,0,0,0.63,719,30,1,0,0.03,0.01,0,0,0
sharp,3.17.49,npm,1694281,2096,2,15,3,17,49,0,0,1,0,1,0,0,0,1,0,0,1,0,0,5,1,1,0,0,1,0,1,0,1,0.1,1,0,0,1,0,0,0,0,0,0,0,0,0,0,0,0,0,0,0,0,1,1,0,1,0.63,1107,32,1,0,0.07,0.06,0,0,0
@g.genie/api-demo-sample-lib4,2.20.5,npm,485,9,1,1,2,20,5,1,2,15,3,1,1,0,2,12,1,0,8,5,3,32,16,8,1,9,2,1,7,0,4,0.7,0,13,1,19,1,3,8,5,0,1,0,0,0,0,0,1,0,1,0,0,0,0,1,0,0.15,23,0,0,1,0.89,0.47,4,0,1
lightgbm,1.16.25,pypi,7779025,2796,11,8,1,16,25,0,1,0,0,0,1,0,0,0,0,0,0,0,0,4,0,1,1,0,0,0,0,0,1,0.06,1,0,0,0,0,0,0,0,0,0,0,0,0,0,0,0,0,0,0,0,0,1,0,1,0.74,2855,46,1,0,0.01,0.13,0,0,0
express-rate-limit,4.10.31,npm,4149,176,19,29,4,10,31,0,0,1,5,1,0,0,4,4,0,0,1,0,0,7,7,1,1,0,2,0,4,0,0,0.21,1,1,0,2,0,0,0,0,0,0,0,0,0,0,0,0,0,0,0,0,0,0,1,1,0.77,1985,24,1,0,0.18,0.11,1,0,0
@gdcorp-commerce/cx-orders,4.7.37,npm,465,21,2,6,4,7,37,1,3,4,16,1,1,0,5,5,1,1,4,1,3,40,16,1,1,8,5,4,4,1,1,0.67,0,11,1,13,1,2,8,0,1,0,0,0,0,0,1,0,1,1,0,0,1,1,0,1,0.11,9,2,0,1,0.65,0.37,0,3,1
prompts,5.5.12,npm,3557628,1174,16,10,5,5,12,0,0,2,0,0,0,0,2,1,0,0,1,0,0,6,0,0,0,0,0,0,0,1,0,0.02,0,0,0,0,0,0,0,0,0,0,0,1,0,0,0,0,0,0,0,0,1,0,1,0,0.93,1455,48,1,0,0.07,0.13,0,0,0
unittest2,0.1.39,pypi,9239,140,16,12,0,1,39,0,1,4,2,0,0,0,2,7,0,1,3,0,0,12,10,0,0,1,2,0,4,0,3,0.16,0,2,0,4,0,0,0,0,0,0,0,0,0,0,0,0,0,0,0,0,0,0,1,1,0.8,2909,24,0,0,0.15,0.2,0,0,0
luxon,3.19.44,npm,435216,2650,16,27,3,19,44,1,0,2,2,0,0,0,0,1,0,1,2,0,0,9,2,1,0,0,0,0,0,0,0,0.07,0,0,0,1,0,0,0,0,0,0,0,1,0,0,0,0,0,0,0,0,1,1,0,1,0.76,1834,37,1,0,0.01,0.1,0,0,0
aiogram-sever-patch,3.16.26,pypi,32230,149,1,4,3,16,26,1,4,2,9,0,1,1,1,2,0,1,3,3,2,17,13,2,1,6,0,6,9,1,3,0.23,0,2,0,7,1,2,6,0,2,0,0,0,0,0,0,0,0,0,0,0,1,1,0,1,0.17,113,0,0,1,0.36,0.19,5,3,1
@espace-client-axafr/resiliation-3-clics,0.15.33,npm,183,24,1,3,0,15,33,0,5,4,2,1,1,0,6,8,1,1,11,2,6,39,1,5,1,10,2,2,10,1,8,0.79,1,5,1,3,1,0,3,4,3,0,1,1,0,0,1,0,0,1,1,0,0,0,0,0,0.01,37,2,0,0,0.78,0.88,2,0,1
hapi,3.9.24,npm,3151741,3576,4,22,3,9,24,1,0,0,2,0,0,0,0,3,0,1,2,0,0,1,3,0,1,0,0,0,1,0,0,0.01,0,1,0,0,1,0,0,0,0,0,0,0,0,0,0,0,0,0,0,0,0,1,1,1,0.91,882,3,1,0,0.01,0.13,0,0,0
@airtel-web/clickstream,0.10.27,npm,139,16,1,0,0,10,27,0,5,9,6,1,0,0,2,6,1,5,10,0,1,2,8,0,1,6,8,6,3,1,1,0.53,1,7,1,9,0,5,4,0,5,0,1,1,0,0,0,1,0,1,0,0,0,0,0,0,0.13,35,1,0,0,0.48,0.5,2,1,1
simplemde,1.7.48,npm,3287,180,12,6,1,7,48,0,1,5,0,0,0,1,4,7,0,0,3,0,0,15,12,1,0,1,3,0,4,0,2,0.3,1,3,0,1,0,0,0,0,0,0,0,0,0,0,0,0,0,0,0,0,0,0,1,0,0.79,789,24,1,0,0.22,0.23,0,0,0
bytepilot-0-0-15,3.5.7,pypi,114,3,1,1,3,5,7,0,1,7,2,1,0,0,6,8,1,1,12,5,5,20,12,1,1,8,2,5,5,5,2,0.98,0,4,1,6,1,2,6,3,7,0,0,1,1,0,0,0,1,0,0,0,0,0,0,0,0.2,30,2,0,1,0.65,0.73,1,1,1
seaborn,4.3.21,pypi,6128059,1428,7,10,4,3,21,1,0,0,0,0,0,1,1,2,1,0,1,0,0,2,0,0,0,0,1,1,0,0,0,0.02,0,0,0,1,0,0,0,0,0,0,0,0,0,0,0,0,0,0,0,0,0,1,0,1,0.81,2991,17,1,0,0.07,0.01,0,0,0
cryptographz,2.0.30,pypi,338,16,1,5,2,0,30,0,2,3,5,1,1,0,6,4,1,2,7,0,1,26,24,6,0,5,9,3,7,1,5,0.73,1,13,0,3,1,1,3,0,0,0,1,1,0,0,1,0,1,0,1,1,0,0,1,0,0.16,14,2,0,1,0.4,0.44,1,2,1
requires-port,5.10.47,npm,1945,170,5,21,5,10,47,1,1,5,0,0,0,1,0,5,1,1,5,0,0,8,2,0,1,0,0,0,3,0,1,0.37,1,4,0,4,0,0,0,0,0,0,0,1,0,0,0,0,0,0,0,0,1,0,1,1,0.86,281,27,1,0,0.14,0.22,0,0,0
beautifulsoup-scikit-learn,2.11.25,pypi,40,17,2,4,2,11,25,1,4,11,16,0,1,1,2,3,1,0,15,0,3,8,11,6,0,3,1,1,4,5,6,0.89,0,1,1,3,1,0,4,0,4,0,1,1,1,0,1,0,0,1,0,0,1,1,0,0,0.34,48,2,0,1,0.68,0.75,4,1,1
artifact-lab-3-package-b1ec2b9f,5.3.44,pypi,373,16,1,3,5,3,44,0,2,15,13,0,1,0,3,16,0,4,5,0,1,26,14,8,1,4,10,3,6,3,8,0.81,0,13,1,3,1,1,4,2,4,0,1,1,0,0,0,0,0,0,0,1,0,0,0,0,0.11,17,2,0,0,0.52,0.47,3,2,1
colimer,3.2.43,pypi,222,6,1,5,3,2,43,1,1,15,3,1,1,0,6,11,1,0,14,5,7,9,14,2,0,10,10,1,2,4,2,1.0,1,11,1,10,0,10,7,4,7,0,0,1,1,0,1,1,1,1,0,0,0,0,1,0,0.28,3,2,0,1,0.89,0.91,0,2,1
@ctrl/ngx-rightclick,1.12.49,npm,416,24,1,2,1,12,49,0,3,3,7,1,1,1,8,9,0,0,4,0,7,24,14,5,0,4,9,4,2,1,5,0.94,0,9,0,18,1,6,4,5,0,0,0,1,0,0,1,1,1,0,1,0,0,0,0,0,0.05,55,2,0,1,0.47,0.76,3,0,1
mysql-connector-python,3.13.27,pypi,1730526,1637,5,4,3,13,27,1,1,0,2,1,0,0,0,0,0,1,0,0,0,8,4,0,1,0,0,0,0,0,0,0.14,0,0,0,0,0,0,0,0,0,0,0,0,0,0,0,0,0,0,0,0,1,0,1,0,0.81,2383,43,0,0,0.06,0.03,1,0,0
@foryjs/fory,4.18.24,npm,4887,55,2,4,4,18,24,0,3,2,4,1,0,0,6,5,0,4,5,1,8,7,15,3,1,9,2,8,10,2,8,0.12,1,9,0,0,0,1,5,2,7,0,0,0,0,0,0,0,0,0,1,0,1,1,0,0,0.28,147,2,1,0,0.68,0.72,2,0,1
got,4.17.4,npm,382077,3022,11,24,4,17,4,1,0,2,0,1,0,0,2,3,0,0,2,0,0,5,1,0,0,0,1,0,2,0,0,0.12,0,1,0,0,0,0,0,0,0,0,0,0,0,0,0,0,0,0,0,0,1,0,1,0,0.95,1294,28,0,0,0.08,0.05,1,0,0
@douinfe/semi-animation-react,2.16.4,npm,158,14,1,1,2,16,4,1,5,7,17,1,1,1,1,17,1,2,11,3,3,5,15,1,1,2,5,8,3,0,4,0.73,1,14,1,18,1,5,5,2,6,0,0,1,0,0,0,1,0,1,1,0,0,0,0,0,0.29,42,2,0,0,0.45,0.7,1,2,1
jimp,1.17.44,npm,8454879,2489,6,17,1,17,44,0,1,1,1,0,0,0,1,1,0,0,0,0,0,5,1,1,0,0,0,0,0,1,1,0.03,0,0,0,0,0,0,0,0,0,0,0,1,0,0,0,0,0,0,0,0,0,1,0,1,0.84,1178,18,1,0,0.01,0.1,1,0,0
wheel,3.9.13,pypi,9113,120,8,17,3,9,13,0,0,5,2,1,0,1,3,7,0,0,1,0,0,11,8,0,0,1,2,0,2,0,3,0.15,0,1,0,1,1,0,0,0,0,0,0,0,0,0,0,0,0,0,0,0,1,1,1,0,0.6,831,30,1,1,0.23,0.2,1,0,0
@espace-client-axafr/alert-resilience-message,5.4.34,npm,324,23,1,5,5,4,34,0,4,15,18,1,0,0,5,6,1,0,3,0,6,39,30,3,1,2,4,5,3,2,7,0.75,0,9,0,20,1,6,6,2,5,1,0,1,0,0,1,0,1,1,0,0,0,0,0,0,0.2,29,0,0,1,0.41,0.81,5,0,1
typescript,1.12.0,npm,6288751,610,18,24,1,12,0,0,1,0,0,0,0,0,0,3,0,0,2,0,0,7,3,0,0,0,0,0,0,1,1,0.08,0,0,0,1,0,0,1,0,0,0,0,0,0,0,0,0,0,0,0,0,1,0,0,1,0.83,1376,43,1,0,0.08,0.05,0,0,0
parcel,0.10.3,npm,1986763,3800,14,5,0,10,3,0,0,1,0,0,0,0,0,2,0,0,0,0,0,1,4,1,0,0,0,0,1,0,1,0.06,0,0,0,0,0,0,0,0,0,0,0,0,0,0,0,0,0,0,0,0,0,1,1,1,0.94,556,12,0,0,0.04,0.01,1,0,0
@abb-ux/commonux-web-components,2.14.0,npm,423,11,2,1,2,14,0,0,5,10,1,1,1,0,3,14,1,0,5,4,7,25,7,1,0,7,10,1,5,5,8,0.65,1,8,1,13,1,6,6,2,4,0,0,1,0,0,1,1,1,1,0,0,0,0,0,0,0.37,9,1,0,1,0.31,0.96,4,1,1
sequelize,2.7.8,npm,3852340,2098,17,15,2,7,8,0,0,1,2,0,0,1,2,0,0,0,1,0,0,0,0,0,0,0,0,0,0,1,0,0.06,0,1,0,1,0,0,1,0,0,0,0,0,0,0,0,0,0,0,0,0,1,0,0,0,0.77,1438,37,1,0,0.08,0.07,0,0,0
commander,3.4.20,npm,7135830,3061,7,11,3,4,20,1,0,0,2,0,0,0,0,1,1,0,0,0,0,2,3,0,0,0,0,0,1,0,0,0.05,0,0,0,0,1,0,0,0,0,0,0,0,0,0,0,0,0,0,0,0,1,1,0,0,0.94,2433,20,1,0,0.04,0.08,0,0,0
bull,2.0.31,npm,1422974,926,5,8,2,0,31,0,0,1,0,1,0,0,0,0,1,0,2,0,0,2,5,0,0,0,0,0,2,0,1,0.04,0,1,0,0,1,0,0,0,0,0,0,0,0,0,0,0,0,0,0,0,1,1,1,0,0.87,1062,46,1,0,0.01,0.13,0,0,0
xgboost,3.9.12,pypi,6771240,1081,2,21,3,9,12,1,0,0,1,0,1,1,2,2,1,0,0,0,0,1,4,0,0,0,0,0,0,1,0,0.02,1,0,0,0,0,0,0,0,0,0,0,0,0,0,0,0,0,0,0,0,1,1,0,1,0.81,931,47,1,0,0.0,0.01,0,0,0
urllib3,3.6.30,pypi,6425626,1955,12,14,3,6,30,1,0,1,1,0,0,0,0,3,0,0,0,0,0,7,5,0,1,0,1,0,0,0,0,0.01,0,0,0,0,0,0,0,0,0,0,0,0,0,0,0,0,0,0,0,0,1,1,1,1,0.6,420,50,1,0,0.09,0.09,0,0,0
bottle,1.17.35,pypi,1452036,1754,10,13,1,17,35,0,0,0,0,1,1,0,0,1,0,1,0,0,0,9,3,0,0,0,0,0,1,1,0,0.08,0,0,0,0,0,0,0,0,0,0,0,0,0,0,0,0,0,0,0,0,1,1,1,1,0.67,2974,40,0,0,0.01,0.03,0,0,0
@dz-lib/dz-cli,3.18.48,npm,335,0,1,3,3,18,48,1,2,15,16,1,1,1,8,17,1,0,7,1,7,28,7,7,1,9,7,0,6,1,3,0.74,1,0,1,13,1,3,6,3,6,1,1,1,0,0,1,0,0,0,0,1,0,0,1,0,0.08,25,0,0,1,0.49,0.62,2,3,1
definitely-not-requests,3.11.37,pypi,475,30,1,7,3,11,37,1,4,4,15,1,1,1,1,13,0,5,11,3,6,38,5,3,0,5,1,5,1,5,2,0.55,1,2,1,10,1,3,6,0,0,0,0,1,1,0,1,1,0,0,0,0,0,0,1,1,0.32,19,2,0,1,0.3,0.75,2,1,1
@eooce/idx,3.14.36,npm,20,23,2,2,3,14,36,0,2,7,6,1,1,0,3,6,1,5,2,1,3,19,29,10,1,5,5,1,4,3,7,0.55,0,11,0,5,1,6,7,1,4,0,1,0,1,0,0,1,1,1,1,0,1,1,1,0,0.3,54,0,0,1,0.23,0.47,5,1,1
gatsby,5.17.31,npm,554718,1970,7,19,5,17,31,0,1,0,0,0,0,0,0,0,0,0,0,0,0,2,0,0,0,0,0,1,2,1,0,0.14,0,0,0,0,1,0,1,0,0,0,0,1,0,0,0,0,0,0,0,0,0,1,1,0,0.63,1575,15,1,0,0.04,0.01,0,0,0
confluent-docker-utils,3.16.7,pypi,2,9,1,1,3,16,7,1,3,7,1,1,1,0,6,9,1,2,6,4,6,30,22,1,1,3,8,2,5,0,1,0.97,0,6,1,13,1,4,2,5,4,1,0,0,0,0,1,1,1,1,0,0,0,0,0,0,0.36,3,0,0,1,0.24,0.59,1,3,1
colorama,1.12.20,pypi,4329932,897,5,17,1,12,20,0,0,0,0,0,0,0,0,2,0,0,0,0,0,0,5,0,1,0,0,0,2,0,0,0.13,0,0,0,1,1,0,1,0,0,0,0,1,0,0,0,0,0,0,0,0,1,1,1,1,0.95,842,8,1,0,0.04,0.03,0,0,0
crustyhttp,4.9.20,pypi,209,20,1,2,4,9,20,0,1,10,7,0,1,0,2,4,1,5,9,4,5,5,12,3,1,2,2,0,4,5,8,0.66,0,14,1,3,1,8,6,2,0,1,0,1,0,0,1,0,0,1,0,0,0,0,0,1,0.15,12,2,0,1,0.39,0.73,1,3,1
lit,0.18.23,npm,7550,79,2,3,0,18,23,0,1,4,0,0,0,0,1,4,0,1,5,0,0,9,4,0,0,0,2,0,4,0,3,0.2,0,0,0,3,0,1,0,0,0,0,0,1,0,0,0,0,0,0,0,0,0,1,1,1,0.64,554,44,1,0,0.14,0.19,0,0,0
uuid,2.10.12,npm,1848890,1252,15,18,2,10,12,0,0,1,2,1,0,0,0,2,0,1,2,0,0,1,2,0,0,0,0,0,0,1,0,0.11,0,1,0,1,1,0,0,0,0,0,0,0,0,0,0,0,0,0,0,0,1,0,1,1,0.74,1327,35,1,0,0.06,0.12,1,0,0
atlasctf-21-prod-10,2.3.3,pypi,41958,149,1,0,2,3,3,0,2,2,9,0,1,1,4,12,1,3,15,2,8,36,21,10,0,1,1,2,1,5,3,0.34,0,5,0,8,0,2,8,4,6,0,0,0,0,0,0,0,0,0,0,1,0,0,0,1,0.52,151,1,0,0,0.77,0.97,0,1,1
mocha,2.7.35,npm,8898,101,5,28,2,7,35,0,1,2,5,0,1,1,4,8,0,0,4,1,0,13,12,0,1,0,0,0,4,0,0,0.31,1,2,0,4,1,1,0,0,0,0,0,0,0,0,0,0,0,0,0,0,1,1,1,1,0.89,568,31,0,1,0.25,0.18,0,0,0
automsg,5.0.11,pypi,195,19,1,1,5,0,11,1,5,6,16,1,0,0,8,18,1,4,7,4,1,4,14,1,1,8,10,5,7,3,8,0.84,0,1,0,19,1,2,7,3,2,0,1,1,1,0,1,1,1,1,1,1,0,0,1,0,0.22,10,2,0,0,0.49,0.64,3,2,1
nuxt,4.15.23,npm,7922,71,8,6,4,15,23,1,1,2,5,0,0,0,4,8,0,0,5,0,0,14,12,0,0,0,3,0,2,0,3,0.3,0,0,0,4,0,1,1,0,0,0,0,0,0,0,0,0,0,0,0,0,1,0,1,1,0.97,949,20,1,0,0.22,0.24,1,0,0
affinequant,4.12.45,pypi,327,13,1,7,4,12,45,1,3,2,3,1,0,0,7,15,0,3,15,2,6,16,11,2,0,9,6,1,9,4,4,0.64,1,11,1,6,1,1,2,2,3,0,1,0,0,0,1,1,1,1,1,0,1,1,0,1,0.13,28,0,0,1,0.53,0.51,2,0,1
deepseeek,4.15.42,pypi,250,8,1,4,4,15,42,1,1,5,12,1,1,1,4,5,0,3,2,1,1,15,15,6,0,8,2,1,6,1,6,0.66,1,14,1,6,1,2,3,2,6,0,1,1,0,1,0,0,1,1,0,1,1,1,0,1,0.26,9,1,0,0,0.76,0.46,3,1,1
bytemlperf,0.6.34,pypi,424,22,1,0,0,6,34,0,3,12,2,0,0,0,3,11,0,4,15,1,5,28,13,7,1,7,2,6,6,0,7,0.94,0,0,1,4,1,1,5,4,1,0,1,1,0,0,1,1,1,1,0,0,1,1,0,1,0.09,47,1,0,1,0.42,0.73,2,2,1
deeprce,4.4.24,pypi,336,24,1,4,4,4,24,0,1,3,15,1,1,1,6,11,1,0,6,0,7,26,11,0,1,5,3,2,8,0,8,0.95,1,12,0,17,1,2,8,3,3,1,1,0,1,0,0,0,0,0,1,1,0,0,0,0,0.01,31,0,0,1,0.68,0.93,5,3,1
helmet,4.15.50,npm,3934275,3295,13,5,4,15,50,0,0,0,2,0,0,0,0,2,0,0,0,0,0,9,3,0,0,0,0,0,1,0,1,0.13,1,1,0,1,0,0,0,0,0,0,0,1,0,0,0,0,0,0,0,0,1,1,1,1,0.97,2276,31,1,0,0.09,0.02,0,0,0
react-router-dom,1.15.18,npm,9331346,2651,5,27,1,15,18,1,1,2,2,0,0,0,2,2,1,0,2,0,0,3,5,0,1,0,0,1,0,0,0,0.03,0,0,0,0,0,0,0,0,0,0,0,0,0,0,0,0,0,0,0,0,1,1,1,1,0.66,1821,40,0,0,0.08,0.06,0,0,0
react,2.18.1,npm,4862790,3091,3,4,2,18,1,1,1,2,0,0,0,0,2,3,0,0,0,0,0,2,4,0,1,0,0,0,2,0,0,0.13,0,1,0,1,0,0,0,0,0,0,0,0,0,0,0,0,0,0,0,0,0,1,1,1,0.65,1448,37,1,0,0.04,0.07,1,0,0
@bbkkfkk/pre,1.9.3,npm,189,28,1,1,1,9,3,0,1,2,8,1,1,1,7,13,1,3,8,3,4,13,16,2,0,9,9,6,6,3,3,0.77,1,4,0,2,1,10,0,1,7,1,0,0,0,0,1,1,1,1,1,0,0,0,0,0,0.2,35,1,0,1,0.47,0.43,4,0,1
